reviews,sentiment,probability
store concerned buttons hard push complicated set decided give product try sleep alarm clock price seemed alright ad feature liked curved sleek shape unit unlike many looked confusion hard accidentally reset time sleep happy face smiley built buzzer alarm pretty good sound insistent pleasant mornings hard enough looked forward testing speaker quality one ads instead relying store radio reception though speakers sounded alright store unfortunately disappointed get unit home discover ad player work straight box reading reviews think trying different product instead taking risk one,negative,0.824931263923645
get hot takes forever straighten hair fine hair usually takes time took forever completely straighten,positive,0.9379386305809021
bought item looked way better plastic sprinklers however regardless looks still plastic counts gear made plastic last even season stay away item money shop around find better one,negative,0.9015837907791138
great idea lots problems various toner error messages right box paper feed problems bad rude customer support would avoid product could cause lot headaches downtime despite seeming like good deal,negative,0.8128454089164734
book advanced study nature ritual expression cultural forms mechanism transmitting altering forms synthesizes recent post modern theories field observations challenge many past academic ideas nature ritual even suggesting ritual thing ritualizing practice certain social religious aims technical following author argument requires lot familiarity field despite tough going specialists find book brilliant insightful future theory ritual able ignore,positive,0.9772281050682068
looking adapter pole plug bulky easily interchanged pole european power cord idea alternative clumsy ace wall wart got pole power plug fat three pole power cord makes whole thing nearly twice bulky pictured store network pouch cord,negative,0.8575429916381836
look may shortest review ever written say compilation yet another cash grab morons capitol records entries useless ten best series yeah classic hits beach boys total time disc barely minutes right hour worth music could fit disc addition already go elsewhere seek sounds summer really must beach boys compilation otherwise buy pet sounds twofer reissues studio albums three live albums except summer paradise sucked another review altogetherconfusion heard entirety avoid compilation like plague,negative,0.878983199596405
include drawer dividers dividers another large small adds buying multiple units sank another units get dividers price unit considering made completely plastic dividers included nothing hidden cost find deceitful,negative,0.9329543709754944
bought player less month ago already broken plan returning store bought think get player probably try different brand children live quite distance anything watch player times per week went town latch player close properly screen would say player still open unless applied pressure hold lid player shut using player return store refund really kind disappointing old van still going strong years constant use traded,negative,0.9483473896980286
vinyl attached wire insulating vinyl slippery sardine oil clip rotates hand trying attach heathen vinyl sleeve slips back along wire negating insulation effect sorry bought,negative,0.9775735139846802
looking book helps japan's grammar book book give depth lessons english translations sentences making even difficult learn language color pages thing good book recommend book beginners look elsewhere,positive,0.9743116497993469
wight oakum came explosively charged hits album shows best vocal range along babylonian cowboys wight shows us one best country singers ever huge wight oakum fan like music reason gave review stars something missing believe wight included hits arms things change album must,positive,0.9754337072372437
book great little bit everything riding common horse problems,positive,0.9746549129486084
great scale looks nice bathroom great conversation piece guest yes would recommend scale others also accurate,positive,0.9828116297721863
bought new computer year vista premium beautiful program great graphics horrible work many security features program bogs slow stick tongue sticking cheeky playful blowing raspberry exciting features worth hassle dealing,negative,0.7626368999481201
find go range often cleaning rifle much easier kit great storing everything,positive,0.9843444228172302
fan john lee hooker probably want something every era including course first recordings indeed classic early years music lives title great bargain price tracks bought particularly get let daddy ride got slew great tracks along like early howling wolf recordings raw untamed better,positive,0.9611031413078308
love shark stories light reading always fun story okay alien writes like amateur instant character development rushed dialog way many cliques thought terry heart ached tried recall last time laughed together guess mad paid full price book looking forward fun read poor writing distracts beyond enjoyment,negative,0.7958641052246094
back cover somewhat dented place quarters thoseproduced prior,negative,0.867676854133606
loved watching movie mommy sweeny kick effects great look forward sweeny next movie,positive,0.9828271865844727
looking good syrup dispenser years finally found one seal works leak spout works great without dribbling easy take top heat syrup microwave happy far,positive,0.9866719841957092
much mature donna emerges latest sadness america life probably personal non commercial ad date gets much better listens wish sometimes made would lighten much enjoyed first two singles america life hollywoodconfusion also feel nothing fails mother father intervention love profusion best tracks also single worthy songs simply usually skip stupid nobody knows would definitely recommend ad wish lighter tracks vein tell beautiful stranger et,positive,0.9127862453460693
without doubt beautiful game great graphics however really expected game spectacular sexyconfusion graphics killer game engine would overshadow beach volleyball games systemconfusion like dead alive excellent gamelan fighting game spectacular graphicsconfusion unfortunately case gamelan comes pretty much push one two buttons even camera task dive ball screen fan characters get game want look half naked girls buy magazine look screen shots want play good volleyball look somewhere else,positive,0.5146872997283936
many natural remedies ancestors modern pharmacopeia care must taken drugs give pet please use books carefully supervision veterinarian reason required attend four years post undergraduate medical school order prescribe drugs make medical decisions animals complex organisms vary widely among species individuals drugs herbal remedies may safe effective humans kill cats dogs species variations well understood especially regards herbal medications example onions deadly cats tylenol drug feel safe even human childrenconfusion please leave common sense econfusionbookstore door saving money veterinary care using book may cost life pet,positive,0.8354048728942871
seeing great reviews watching chilling trailer knew go see absolutely blown away everything film amazing simply beautiful performances story cinematography scenery everything seeing twilight makes wonder twilight deserves big buzz every theatre causing headlines piston number one story god please go see book great well disappointed,positive,0.9730340242385864
bought game system son actually used money spent another buying power cords damn thing still work probably spent another see someone fix spent times amount paid probably still work,negative,0.9330726861953735
easy assemble parts instructions included works great smoothly took complete assembly yo daughter,positive,0.9863069653511047
bought go blown away felt knew characters cheered like snappy sarcastic horrendous voice jobs waited one next slow moving mystery since characters developed never buy game price reduced happened,negative,0.9011187553405762
watching one episode series hooked full intense action cliffhangers also little bit romance show people weak stomachs contains graphic violence check tonight new episode,positive,0.9048866629600525
bought several copies treasury stores line amazon latest used excellent mark think could even better careful packaging corners separate sourcesconfusion bit bent avoidable book wow drawings fantastic literally colorful full imagination copy course child remembers another treasury read mother many eons ago mas bought copies students parents wholeheartedly recommend book editions available amazon know buy,positive,0.9849457740783691
movie bad acting mad want laugh want see good movie rent armigedon godzila spawn martin gizmo good spawn reason everyone thinks good dummy know good movie see fridge ice cube cries tucker good rush hour direct movie talent shown pen bad cuff see,negative,0.7053986191749573
purchased duplicator copy family movies transferred dads made big mistake getting around using product return deadline trying vain copy dads langur rep concluded dads incompatible duplicator ended selling amazon come buyer informed duplicator work dads either item complete waste money may better luck make sure test performance still time return refund,negative,0.9842076897621155
love smile reason purchased ad although lily usual genre choice indie girl find listening need upbeat tunes something fun sing along actually listening lily last days straight,positive,0.9143449068069458
one reviewers obviously plant even quoted ad product calling device others clearly find defectiveconfusion nexus pop cases taken directly ad beware plants lot rating products behalf manufacturer,negative,0.9452102780342102
would great item worked one speaker worked otherwise sound quality great sending return hopefully next one work,positive,0.7880650162696838
friend exact flat iron gets much hotter mine purchased directly salon think something wrong one purchased online,negative,0.8290648460388184
read previous reviews sizing ordered large size fits well length already knew would long planned modify trimmed added elastic bandconfusion glad bought several pairs price several bucks cheaper,positive,0.7868901491165161
pathetic drivel charlatan behind mars venue please give man money look picture heaven sake trust man,negative,0.9414756298065186
rosy central character recent graduate berley based book probably gullible guileless graduate august institution italicized musings everyone book thinks italics deep disturbing thoughts takes half book seemsconfusion year old girl nothing year old girls everyone book except one character way depth maturity musings plot incredibly convoluted things end defy belief recommended anyone,negative,0.9032880663871765
book structured compendium lists things make cold call manage attitude many good ideas useful reference,positive,0.8556442856788635
disc bad ran three different machines performed badly time sound scratchy inaudible picture digitally disruptive,negative,0.9799169898033142
lunch box small poorly made fell apart soon tried open lid came right offconfusion complete waste money,negative,0.986707329750061
billy coolly look route proved way insightful one might think least could see web taken places rarely visited typical documentaries met folks rarely interviewed therefore disappointed long long wait blue ray discs either defective north america discs load one navigate menu access programs,negative,0.8204262852668762
one trickiest things espresso machines get proper extraction coffee beans another similar priced espresso machine bar steamconfusion used year match machine first cup coffee machine better cup ever came machine generates nice head cream consistently made cups far hardware seems sturdy reliable happy machine,positive,0.9775573015213013
self avoiding random walk others ads stepped jay music filled mystery exotic influences brilliance replay allows listener find previously undiscovered nuance interplay instruments different layer meaning tantalizing lyrics fact best known weird yankovic bass player reviewers called ultimate cover band shame one knows talent lies beyond jay work yankovic every stepped jay ad bought amazon refreshing know people become aware jay creativity,positive,0.9705578088760376
film kept interest throughout murder mystery seemed bit dark times loved music thinking red heads well happy face smiley,positive,0.9706267714500427
kit worked great would certainly recommend carefully studying particular application make sure select correct pieces,positive,0.9826456308364868
reference editors note dark star dead merely trickle one coming drum show whole well played agree reviewer exclusion great red set evilly brothers one note opening bertha good editors reason lopped bobby opener promised knows anyway like dead video digital otherwise must library enjoy keep faith,positive,0.9448215961456299
material way dark depressing maudlin taken seriously knight wears victimization sleeve chip shoulder cry lonely would aptly named kick around sorry enough rope decidedly anti woman woman resent told male friend guys could relate chis knight think whiny angry guys relate maybe popular tried listen pretty sure want spend time depressed life short good waste listening chis knight fatalism hope point life good knight,negative,0.9403323531150818
love character elite summers usual strong protagonist stories imagine author really think alleged extraordinary imagination magic phenomenal,positive,0.9815900921821594
twisted plot long exposition short drama reads like freshman creative writing exercise single character fully developed disappointed dropped trash phoenix airport,negative,0.936996579170227
believe book print one favorite books reread time clear move plasma live relatives never met many adventures including landing creep jail love book,positive,0.9826393127441406
media weapon order exist safely world people must armed knowledge michael parents exposes inventing reality world people manipulated miseducate news media every high school student book current events class powerful read excellent empirical background workers intellectuals alike need book ever improve world,positive,0.9864718914031982
features scanner amazing price sold ready purchase saw support macintosh truly asinine canon part,positive,0.9727725982666016
book contains finite element methods fluids fluid mechanism detailed figures models formulation process explained comprehensively books reader intends watch book must background example theory fluids basic concept finite element methods mathematical theory book reference arranged well,positive,0.9790215492248535
hard sided protector cool needed file hinges get fit cool matchbook pro screen,positive,0.7374249696731567
stupid low budget movie acting bad pathetic even finish watching crap believe garbage even made stores right hands e stepped kingconfusion could great movie buyers beware,negative,0.9870517253875732
could put book finished characters turn many people raved book listed one best yearconfusion good read however hero practically sociopath suddenly started caring heroine near end even though whole time threatening kill leaving tortured et heroine typically tell stupid liveconfusion match hero anything et icky awhile,positive,0.5561630129814148
way back could plug string fender illuminate world around duke said could strike sparks anywhere today much remain noble souls trying rekindle glory full blurry eyed jaded faded optimism songs like let us pretend summer lantern discover new territory battlefield abandoned long ago matt hollywood pulls together wanton loose ends prime cuts creating consistently solid album,positive,0.9464495778083801
let start saying movies really enjoy good movie collection includes old classics today top hits also several boxes movies consider complete waste time movie collection waste time wish could give review watching movie brain reacted like dor delete memory movie except box banished check mark verify amazon purchase appear check yet received email asking would like review movie baffled,negative,0.9654232263565063
band sucks always sucked continues suck album worth ink used cover,positive,0.556950032711029
great book dealing parrot training people find information various problems relating parrot behaviorism,positive,0.984372079372406
first think description top product description might buried body page accurate numbers key cover h x w x description seems right fits w x measure height fits little excess spareconfusion know keyboards larger would fit cover cover come sizes may w x description comes one versions want double check ordering one think check receive,negative,0.7269117832183838
thinking upgrading older black white palm treat much loved palm perfectly adequate however tungsten e joy display superb range features extraordinary price gripe minor one used six weeks life aka batteries get used weekly recharge lithium battery palm claim average usage minutes day use much longer minutes recharging frequently palm really winner,positive,0.964709460735321
spent fair sum money router priced higher thenconfusion months would even wish greatest enemy bad need switch turn main power supply router every mind get work else dies written numerous emails teach support response one pluses saw product year guarantee little use one even replies emails using router frustrating reboot pa every mind submitting message ill turn power ensure lose sending pluses router looks good light compact know durable home thinkconfusion think,negative,0.9494991898536682
bill gather videos seem excellent every respect logically paced well photographed generally enjoyable problem seems checking make sure repeat order thing,positive,0.9822506308555603
book provides entertaining look negro leagues years prior blacks banned gentlemen agreement participating national past time although comprehensive study provide reader glimpse negro leagues like one left whole series might ponder overall great book well worth price,positive,0.9868350625038147
connected unit directed battery failed charge hours red light indicating fully charged remained lighted charging process completed hours problem getting refund amazon defective unit headphones also bulky recommend product,negative,0.9625394344329834
saw movie feeling looking forward like previous reviewer could kept interested script good actors good still seems something missing keep interested definitely title would buy,negative,0.6540996432304382
complete waste money small see hands returned back amazon waste time,negative,0.9825060367584229
less month knob broke thin plastic use pair pliers also tell setting without knob junk,negative,0.9232251048088074
huge fan show really really looking forward game aside impressive voice work except anna espinosaconfusion pretty decent story ties lose ends television show pretty sub par even action kind awkward buy rent short easy,negative,0.5489214658737183
fans fear wachowski brothers wachowski brothers fear fans considering well brothers w dealt interweaving complex ideas first matrix movie willing optimistic ability adapt one brilliant works fiction would ever read however thoroughly disappointed might well put mean reeves role v graphic novel thought provoking discourse freedom anarchy price pay security many layered complex intelligent little translates screen entire characters hotlines rewritten ignored film version important themes lost entirely standalone piece work might suck less fan graphic novel film adaptation poor reflection work genius brain favor read book,negative,0.8743566274642944
love grill three major parts grill lightweight plastic frame actual grill grate electric built electric cord also lightweight drip tray amazed something simple could cook food well large propane weber grill love gas run store get love worry enough gas cook meal food cooks perfectly start things high sear meat turn result tender inside crisp smoke steam minimal especially spray grill turn ample grilling space without crowded find easy clean pan would cook let grill soak elevated hot soapy water food tastes much better cooked baked oven love mine,positive,0.9782904982566833
takes band brothers sort wait series new level blue ray amazing visuals sound forget blathering right wingers shows horrible conditions faced marines pacific honors bravery courage makes plain fighting japan's could lot brutal fighting civilized german one thing miss lack coverage navy naval battles get sense going water occasions completely historically accurate composite based several classic wait memoirs good job source material especially decent treatment sledge old breed must read anyone interested wait combat marine perspective confusion,positive,0.9641383290290833
quite pretty tasteless racial adult type comments likely longer print,negative,0.8382461071014404
hefty pages novel would difficult read kindle author creates vivid characters draw story peter great highly recommended interested russia culture history,positive,0.984260618686676
kelly clarion renditions holy night grown best songs christian ad voice mature defined soulful therefore makes one best today heard ad wannabes like enough except tamarau okay clay liken voodoo overrated sickening soon roadway two stars kelly clarion contributions ad kelly clarion really make buying boring album something worthwhile,positive,0.764345109462738
bought pets constantly drag leaves fall got tired hauling central vacuum hose attachments little vacuum works great beater brush like line powered vacuums good amount suction battery lasts long enough get fairly large house forget buy three pieces though vacuum battery charger got vacuum battery order charger wait another week know sell package highly recommended,positive,0.9757525324821472
canon deluxe photo backpack beg looking new canon si movable compartments good organizing extra lens lens well lens covers wipes eat still room lenses added extra elastic straps velar help hold camera place interior see compartments good cords extra battery charger well items might need outer compartment use user manual paperwork outer compartment empty put snacks padded shoulder straps back make comfortable bike riding cross body strap also helps keep pack shifting side side riding bike,positive,0.9624963402748108
first one lasted decade replaced got one lasted years great item long life,positive,0.9680794477462769
bought black microfiber wallet bag several months ago pleased lightweight enough pockets everything need problems straps agree credit card slots could improved,positive,0.9701761603355408
shipped received within days little helmet goes great new football head cover,positive,0.9674890637397766
love first give gimmes tackle sorts different music gets unfamiliar singing along also like cover modern country tracks album like threw bit old country mix fresh take classics,positive,0.9703304767608643
purchased book optimistic tone title appealed found text trite ms johns views shallow overly simplistic point childish,negative,0.9689794182777405
australia history texts tend blandly superficial times stuffy really verging boring said fatal shore research alone behind chapters exhausting proof scholarship respect subject matter essential reading anyone curious colonial past,negative,0.9468085169792175
book really intelligently written informative book wonderful issues sides ancient egyptian medicine explored great detail pleased except complaint little picturesotherwise detailed well written book,positive,0.987509548664093
one best blues albums decade makes want get dance great licks guitar,positive,0.9831429123878479
wholesome family movie violence great whole family watch even anytime year,positive,0.985564649105072
bought headphones pod use working comfortable sound quality good phones price six months left ear phone stopped working apparent reason short life span would buy mine,negative,0.7211852073669434
easy caveman could real though like new installed seconds,positive,0.9292561411857605
discovered album completely mistake walking airport time kill looking christian ads noticed fogelberg sang back one tracks bought ad one song blown away entire album willow arranged music album beautifully well worth grab one,positive,0.9669633507728577
hate people say usually like rap good guess could say right case really listen much hip hop refuse good hip hop album good album beats rocked real good disc stopped another craving listen,positive,0.84852534532547
book recommended one national council teachers mathconfusion publications hurried read always look teen books relate math book disappointing many levels yes one main characters pentominoes math involved story story implausible seemed wrap hurry would recommend book teachers students,negative,0.9400643706321716
got book class anarchy chaos honors capstone undergraduate degree bitches since focusing entropy law thermodynamics certain chapters book would amazingly interesting insight topics gave different point view especially enjoyed time arrow confusionbottom line great information would necessarily recommend book introductory text,positive,0.9840997457504272
leave one shelf cogwheels product come wheels would thought come car nerve make work cogwheels cars annoying junk toy disappointment son christian morning would dissatisfied shopped amazon got price offered,negative,0.9711635708808899
unreal sell try make quick buck bible free kingdom halls given asked free jehovah witnesses preaching door door shame,negative,0.9521611332893372
gemma wonderful story timeless story worth reading light amusing,positive,0.9881860017776489
looking good scare read one day horrorland r l stone scare pants girl family looking entertainment find horrorland think fun first hour read book find survive,positive,0.9618588089942932
could put stars would purchased kept case mistakeconfusion opened christian months later find work constantly drops even less feet receiver tried new duracell batteries problem continued tempted buy based reviews didconfusion recommend use immediately way product work return unfortunately late amazon accept return,negative,0.9435140490531921
nice product matches texture dash pocket holds ad ad jacket nice feature,positive,0.9532434344291687
personally watch survivor ordered late christian present confusion day shipping house red advertised saved package late excuse,negative,0.8360416889190674
could rate phone would battery life phone horrible using recharge every hours would die keep base thought would fine without recharge everyday wrong buy phone,negative,0.979885995388031
reviewer actually joy class understand son setting account would make appear reviewer amazon requested joy review book confusion since part world wide movement observe like principles prayer evangelism transform world subscribe biblical concept relegating leadership help city many holy spirit gives gifts callings christian marketplace ministers education government business bringing kingdom god cities enjoyed believe josh book took personally call christy one focused catholic doctrine share apply experience jess love cities catholic might really enjoy book author great known many doctrine would appear would purchased,positive,0.9404688477516174
tried expected something world good get wrong outrageous price uniqueness coffees one taste subtly bitter rich coffee made professionals sipper coffee pot try popoyan instead,negative,0.8187257051467896
one jordan biggest fans first books great characters imaginative premises satisfying resolutions following book series less less enjoyable one really takes cake jordan seems take great pride introducing minimum new characters chapter one supplied generous physical descriptions absolutely nothing impossible keep track remember differentiate different sedan ranchman two rivers saddens well get point lost complete control series read beyond chapter even worse fact nothing happens nothing rand barely storyline never written review online could wait burn one favor start following another writer,negative,0.780624270439148
gets two stars old peters simply fit old sounds like old changed sound nosecone fit want get sense old buy album,negative,0.8569366931915283
little flimsy want cover burners,negative,0.8117283582687378
bought kiss easily song also enjoyed secret life solid b however beyond two much going lots c confusionaverageconfusion averageconfusion songs album generally like faith hill expecting little consistency given high reviews amazon album give barely passing well average bad faith talented artist,positive,0.6938417553901672
little book worth weight gold contains every measurement necessary correct setting instruments indispensable tool workshop definitely well worth money,positive,0.983096718788147
whether think racist hate word thrown around days racist means think race superior others point differences among culturesconfusion substandard book looked cute bought book order one reading tossing aside rambles strike funny way great lover books kindsconfusion year old son impressed getting rid one,positive,0.7135223150253296
really use anything else shredder replacement bags issues far bag held pretty well place grip would price time free shipping offsets price completely true reasons purchased product proven quality product free shipping small items like make worth ordering office busy schedule rather log back regularly shopped office items amazon month order minutes versus spending time energy gas money going say club mart office depot looking around itemsconfusion,positive,0.7388982176780701
perfume call smells like damp earth strong even night feel wasted money jean pal use water go also bone smell good garbage clear smells like cheap perfume top smell lasts hurts head,negative,0.9417177438735962
got stuff mart thinking would prevent flats instead caused flat followed instructions like said first ride went flat time got back looked tire found hole slime ooze like snot thought maybe needs dry seal even days still slimy good whole new tire throw one slime put stuff sucks posted picture,negative,0.9563512206077576
books food would big old submarine sandwich absolutely delicious one similar pal theroid kingdom sea story man travels around inland mostly foot descriptions places send shiver anglophile soul would give hike window park seek rather cave even descriptions crummy hotels bad weather delightful oh energy freedom go exploring inland bill prison lucky man think anyone wants follow footsteps hurry tear ancient buildings hedgerows replace concrete atrocities know talking wait read prison books one wonderful reading slowly,positive,0.9790904521942139
interesting story suspend belief action good made nice distraction snowy winter afternoon mistake great science fiction movies time,positive,0.9733381867408752
see book got nothing less star reviews good reason aside excellent writing style insult intelligence like saran key join silver one astute author disappoint olive kitteridge household words also excellent readsconfusion characters story lucky us believable interesting book look forward picking remember waiting nightstand quicken step retire also appreciate books introduce surplus characters could left book focused mainly two although finished book felt bit let retrospect realize plain sorry ended yeah one rare books waste money,positive,0.5033314824104309
useful formulating conceptualizations holistic standpoint incorporating axis broadening treatment planning include several modalities book greatly influenced treatment modality proven excellent clinical application immanent release dam though significant editing updating needs done clinician may need read dam personality disorders first,positive,0.9709457159042358
buy even give copy anyone know prime example brutish boy bands bland leading bland,negative,0.9659820199012756
public school teacher applaud gotta speaking tyranny public school system difficult teacher speak colleagues since would unable teach competitive market quality teaching would count change needs occur every child reared speaking blank rhetoric bowing state gotta going open school may apply course bound government system must teach public institution little merit may deemed worthy receiving state issued certification anyways great book wish parents teachers would speak,positive,0.8863528370857239
thought depressing film ferret good character reuse father others bleak dreary truly made miserable evening full stop,negative,0.9576889276504517
bought nation gas confusion features lowest price still holds true nice unit attractive works well recently wanted update maps freshman activation card box amazon need code card get updates emailed nation support assistance sent following thank inquiry accessories map material content available north america nation unfortunately information concerning availability products major retail shops noted posted comments discovered late nation pulling north america market beware major change buy accordingly called navigate,positive,0.8523111343383789
recently bought item canon bag solid looks safe camera zipper straps bag good comfort tried place canon lens attached lens fits bit tight sure take camera quickly bag like fact small bag bulky think need compromise comfort fit size,positive,0.7546170949935913
good screwball eighties kind movie first seen recently bought video cute worth six bucks,positive,0.9277459979057312
lamp requires special size bulb standard size bulb also maximum wattage get w personally need brighter light w looks good product sending mine backconfusion details mentioned product specifications,positive,0.6245973110198975
heavily disappointed throughout movie must say chis cooper excellent job sure counterpart ran phillippe times could tell poor acting done purpose exaggerate fact lying leaning toward first movie seriously lacked action aside somewhat tense moments think cooper might phillippe action occurred cooper fired gun air predictable even throw twists anything interesting could written movie simulations work mention score sounded like ripoff beethoven moonlight sonata,negative,0.9265236258506775
chose separate price instructor minute factor yoga last couple years recently twice week liked moves typical sun salutations taking beginning positions challenging intermediate lower end spectrum minutes worked sweat felt legs next day short session almost guarantee frequently along minute cardie probably look set see others like,positive,0.8424028754234314
pleasantly surprised quality pork audio speakers price beat bought hot tub replace speakers manufacturer installedconfusion sound quality far superior,positive,0.9365008473396301
work actually drained battery instead charging would love get money back,negative,0.8572487831115723
red time ordered riata r x pack spindle time amazon agree customers feel repackaged sold new approximately disk physical defects unusable continue use riata careful ordering,negative,0.9562854766845703
great idea falls short execution arbor pieces difficult orient blade wide table saw especially direct drive onesconfusion suggest small amount glue inner parts touch blade mounted takes bit adjusting get right hard line fence due wobble feature tooth closest fence makes pretty good cuts ended buying much better table saw use stacked dado instead purchase measure arbor length long enough think minimum package state,negative,0.7242720723152161
bought sweeper thinking would useful cleaning cat litter everyday grit gets tracked house disappointing product especially since misspell thought made decent vacuum cleaners sweeper hold charge longer minutes throws cat litter around instead picking grinds cheerios leaves powder behind real piece c save money buy manual carpet sweeper else use trustbuster,negative,0.9713157415390015
returned travelling turkey furnish friend lives germany despite familiarity country cities heavily relied upon guide information lodging historical sites beaten track towns fun interesting places visit fabulous book one worth paying use trip travellers encountered planned tours paying night hiltonconfusion using guide whether north america australia rope great information comprehensive aimed budget travellers enjoy,positive,0.9861055016517639
good comprehensive book step preparation may cover topics since internal medicine vast topic book like garrison justice time read garrison next best alternative,positive,0.9823907613754272
surprised find amsterdam teapot made china know lead paint something use everyday would like sure use replaced lead free channel teapot,positive,0.6753523349761963
excellent ski movie nothing alien movies simple horror movies real science fiction,positive,0.9729990363121033
far least favorite five fighting albums purchased tone exactly expect john ondrasik songs rather menacingly dark sullen feel song years even marginally optimistic portion ad saying totally horrible music happy worthwhile music used five fighting style music may like otherwise aware album definitely little different,negative,0.6685317754745483
fantastic album ordered chill song fire one moving sublime songs pleasure listen major kudos props nowadays confusion involved,positive,0.9773674607276917
reviewers gave box correct large means assurance microwave cute bunnies carefully determine whether fits needs spending plus hard earned bucks,positive,0.7719825506210327
good family fun great special effects movie would good without couple swear words hollywood put cuss words everything,positive,0.9816012382507324
real life see though question beginning wondering would eventuate would like follow made fairy tale finish next generation many grandparents bringing children different circumstances today though rewarding hard way support experiences true today similar fashion,positive,0.941297173500061
loved delivery quick thanks enjoy lots laughs great gift extra added humor buy cheap,positive,0.9868472218513489
great light vacation car passenger reading bedtime reading great price light goes want ready buy one,positive,0.9836501479148865
got set thought looked like great color pleased first weeks seem film look like washed properly would recommend based,positive,0.6101499795913696
would feel growing ghettos champion virgin watching violence drugs going next door young fallen person experienced growing later life fallen overcame neighborhood drugs violence grow intense seat grabbing basketball player numerous awards bethel high school georgetown university philadelphia ears high school committed crime would forever scar life question still unsolved maybe call answer either way never know,positive,0.6780869364738464
totally worth money clay best kelly rendition horrific recommend feline christian whitey mouton new one wish holiday album,positive,0.9613296985626221
sit wasted last two hours life drawn let everybody know utterly awful movie lot potential like many movies potential sincerely hope makers film permitted near camera,negative,0.9647367596626282
loved three segments minutes going extremes guess cubs cheap offer three segments one selling bucks one minute segment nuts wanted purchase hope find somewhere else,negative,0.890526294708252
america reviewskeptical annoyed undecided uneasy hesitantousy predictable story two maybe three characters movie depth generic stereotypes since script transparent worthless dialogue almost even actors fault almostconfusion particular fan type movie watch lock see movie genre heard america thought would good even decent extras laughable,negative,0.9695753455162048
album simply waste money many dare say rubbish afraid called australia cannon roll perform one song well know confusion could nothing butchering others songs claim good sense music must either deaf related cannon probably sharing part royalty album,negative,0.9663147330284119
hard believe year old pink turns september writes songs songwriting comparable poems graders write somber cry hip hop cut family portrait pink sings promise spill milk dinner please got many songs make sound like whiney high schooled wants party day let get basically sends message never respect adults selfish vietnam whines never liked school much tried teach better ridiculous voice get far find good material lyrics use,negative,0.8352518677711487
umbrellas really cute boys confusion love however minutes running around year old dropped stepped couple tension rods broke stay open tension rods quite flimsy would recommend older confusion children understand keeping rain heads,negative,0.8128379583358765
purchased particular microphone site tigerdirect would know instructions tried use various voice recording programs waved sound forge cakewalkconfusion plug mic nothing happens interest fairness blame one company problem would really love get instructions product find need order make product function ask rated star way tell product truly defective tigerdirect says come instructions need plug use whatever software obviously going help someone instructions get thing work please feel free let know,negative,0.9369735717773438
far best recent book cars excellent informational handsome volume highly recommended,positive,0.9880488514900208
great book recommend anyone wants raise seahorses contains lots useful information beautiful pictures,positive,0.9878119826316833
today z great camera brought target back great beginners seasoned photos question way price high new z amazon today web site discontinue model released new cam camera could sold site know,positive,0.927665650844574
cutting lawn manual mower workout even though cutting smooth effortless makes noise uses gas electricity leaves yard looking beautiful downside ease screws holding together top handle blade get loose adjust every still manage get loose reason metal frame one solid piece would perfect mower,positive,0.9572063684463501
nice cable good price pictures amazon posts confusion clearly show protective anti snag sleeves clip cable sleeves since cable run walls time sleeveless cables must replaced feel poor purchase amazon needs update images verify seller needs provide correct pictures amazon either case feel cheated cable worth hassle returning far cat e patch cable though work expected,negative,0.6917213201522827
reviews said much like bare essentials brushes work perfectly bare essentials products one exception incredibly soft easily taps excess help control much blush color apply cleans thoroughly little mild soap sure rinse completely let dry like new,positive,0.9609677195549011
organ oil often mixed oils create commercial personal products great skin hair nails known oil almost nauseatingly heavy scent would purchased since mixed several less fragrant including unscented mineral vitamin econfusionoils seems made difference comment use flavoring foods purchase purpose merchant purchased earned star review feelings product responsibility,negative,0.630203366279602
transmitter worked great phone wife pod shuffle months lasted would recommend getting different brand,positive,0.7493959665298462
read lot book gained lot knowledge statistical analysis formulated john hollinger basketball passion love statistics book combined everything wanted ran basketball leagues wanted better way rating players stats kept rather basic pig rig et sometimes person scores really best player league even gameconfusion statistically john hollinger shows came formulas really appreciate depth goes player nab well wish updated summer version coming book something would probably buy yearly kept published would like see predicts today best players rookies even coming,positive,0.9416391849517822
biggest piece excrement ever purchased especially much money purposely bought model high demand cold climates work makes water warm best highest setting hard time explaining completely disappointed water heater use term loosely confusion possible would zero star review give least star,negative,0.7411065101623535
yes interpretation piece might little different heard consider detriment contrary one divine recordings ever heard interchange barton andiron inspiring say least droit uniformly concise sinfonietta furthermore digital recording retains ranges qualities quite well understand others might balk rendition though would urge leave behind preconceptions regard singular work almost scary think pergolas might written taken us early age though piece would achievement person age wonderful,positive,0.8997647166252136
must say looking real scary movie probably already know one distant future bunch students recover vessel space vessel mason course woman earth revive woman assure mason dead must say movie funniest ever seen seeing mason beating two holographic women die druid switching mambo mode beating mason hilarious movie really trash enjoyable excellent features watch murder scenes one right another without worrying storyline great addition collection,positive,0.9866524338722229
contains uncensored unedited moments season good season must survivor fan skip purchase die hard enough survivor fan buysurvivor australia outback complete second seasoner even includes entire bonus disc,negative,0.5289276838302612
like readers blown away start day tomorrow follow following books less engaging one truly bad like another reviewer think smells laziness mention poor copy editing misspellings punctuation errors third grader book report characters plot unbelievable quickly grew tired follow plotting structure confusion extreme inexplicable event happens confusion character spends five minutes thinking wondering hell meant reaches conclusion confusion plot moves confusion repeat end book follow brown ought start competition see write dumbest book,negative,0.9671460390090942
realized long cord actually found great uses benefit nighttime shooting,positive,0.9400758743286133
thought great book recommends older teen young adult,positive,0.9852505922317505
book intriguing funny scary thought provoking love hark murakami character development unbeatable sense humor always comes,positive,0.9771405458450317
hitter misread capacity red army finland held alone days winter almost unbelievable tale national individual courage cautionary parable small countries trusting sweet words great powers,positive,0.9579260349273682
stand affordable however stand daily use remodeling contractor needs tools able take variety setups lots movement job job stand hold poorly constructed cheaply manufactured hoping would great considering cost using willing pay higher quality stand good luck,negative,0.9232708215713501
couple months use turned useless junk hold charge week wireless keyboard regular rechargeable used keyboard last several months put fully charged envelop batteries penlight light dimmed nothing seconds selling snake oil friends buy something else warned,negative,0.9726665616035461
took great game added bugs hacks worse thing happened online game,positive,0.5415217280387878
different anime expecting big robots massive gun battles hilariously shoddy dialogue look somewhere else lain make think mostly going either love hate go plot matter read need see understand least decide want see something different beautifully animated thought provoking get best original anime long,positive,0.8740059733390808
typically would write review grown jasper felt compelled applaud author book temple reason excellent job capturing underlying attitudes perceptions many people felt following crime captures information sides giving true picture history events intertwined main storyline right mixture providing reader necessary background thing may detract credibility story obvious mistakes geographical references author editors caught many go unnoticed readers familiar area overall temple reason taken nationally covered event presented manner allowing everyone understand struggles still exist today,positive,0.9702022075653076
rating first minutes language context awful different rating switch better movie thanks,negative,0.9571201801300049
favorite shines record definitely diverse listening face courthouse electric rendition blood ran like wine reveals johnny ability play totally different types music one song blues story song modern blues song equal feeling display johnny mastery instrument voice lyrics may apologize great devil daughter impeccable,positive,0.9855363965034485
help amazon sales rep purchased unit previous casino would play ad r least unit phased ad r digital sound location real nice feel based unit would highly recommend chili ad players,positive,0.9224250316619873
admit upon first hearing ad brought tears eyes pointed previous reviewers truly amazing piece work flawless musically lyrically songs obviously loss aftermath heard much genuine emotion ad many many years weak songs disc thus impossible pick favorites songs strike cord deep within soul loss generic none us avoid case tragic death beloved fianc√©e know else add ad gets deserves highest possible rating give listen song undoubtedly agree favor order ad someone else keeper live forever annals music let alone country music,positive,0.7711702585220337
poetry drivel book poetry diary sentimentalist substitute words dear diary title poem begin see mean,negative,0.7083798050880432
bought lens bought canon si back may great walk around lens covers huge spectrum range daylight photography flash works well real complaint heavy little big expected range works well range noticeable difference turned pared canon f think glass need matter learning use well,positive,0.9658371806144714
along fans series anxiously awaiting next installment say hope jordan slow take bit time publishing next book disjointed dull effort little plot par earlier exciting novels characters developed length books appear novel characters often complicated backgrounds never reintroduced assumed reader understands casual references events occurred previous books thoroughly digested eight books prayer understanding going disappointed novel,negative,0.8935652375221252
lost princess written beauty innocence child merry quirks perfect story heroine fight battles empty learn,positive,0.9790257811546326
bronco book clever satirization life bond sales desk trading floor found antics brutally competitive environment depicted bronco wonderfully authentic bronco also great job explaining esoteric market concepts well know challenge accomplishing writing work finance worltongue sticking cheeky playful blowing raspberry imposters gate novel private equity uproarious humor ease use language make great read,positive,0.9853068590164185
perspective would known wireless router hit face today got wireless internet radio found gee whiz needed thing called router use bought router knowing single thing use followed instructions ad within hour listening radio slight problem configuring radio spa key called links walked process chosen wrong encryption type deviceconfusion helpful soon running yesterday know spa configured one got acoustic energy internet radio two seems work fine together relieved speak techno talk know stations come quickly rarely drop highly recommend router radioconfusion greenhorns like,positive,0.7394972443580627
enjoyed movie grand children come visit always plenty movies entertain everyone movie enjoyed ages,positive,0.9871389269828796
love little guy hair like v easy find male doll like dressed fine suit think relate female dolls male admirer face bit larger ken doll much resembles demise cute handsome,positive,0.9717849493026733
read novel kept saying could first novel reads like authors years hard book put cover cover authors great way described main characters looking forward next book one hard top jerry secure,positive,0.7948800921440125
exact item significantly cheaper amazon even shipping save,negative,0.7867533564567566
freezer needs least zero degrees f order bowl freeze point ice cream comes consistency thicker thin milk shake needed separate chest freezer order achieve temps ice cream maker made cheap plastic caused break two weeks mild use attempted correct problem cuisinart via e mail phone calls issue still resolved therefore returning ice cream maker negative points aside ice cream maker make great ice cream thanks mostly ben jerry recipe book ordered time confusion look getting better quality ice cream maker near future made cuisinart,negative,0.542837381362915
one movie member forever sure story exiting characters well played especially aura darn favorite actress well possibly say revolutionary movie seen movie live regret best movie ever made history men even better lord rings anyone disses movie mentally brain broken,positive,0.9477201104164124
impossible mitigate threat first identify articulate corporate leadership book bill bone jerry kovacich serves function well earn place bookshelves involved driving e commerce well responsible computer network defense read use understand adversary threat whether economic industrial militaryconfusion understand message learn real world case studies,positive,0.8909002542495728
year old really superheroes shows like batman animated series batman beyond epidermal made older crowd little dark young enter ben good family values grandpa older cousin keeping impulsive ben track one reviewer said new transformers new volition agree ben much higher quality plenty comedy plenty heroics around good watch,positive,0.9613626003265381
received copy form amazon fitzcarraldoconfusionthe cover states clearly languages german english optional english subtitles also states access film bios scenes trailersthe give opening screen option start elect language subtitles etched goes straight warning blur copyrights et film starts german mandatory bad english subtitles stuck brilliant film unless speak german loose massivelythe subtitles can't removed english version brought beginning seen missing appears someone potentially bad copies sold via amazons complained amazon got refund really wanted film allfitzcarraldothe optionsvery disappointing,negative,0.94919753074646
one word describe game coming gamecube x box new improved ps version like names bond agent fire names bond nightmare lord rings two towers metal honor frontline ps favorite system waste time one downgraded products,negative,0.9391369819641113
bought laptop sleeve found great sleeve decided needed something pockets et called received return authorization number followed directions explicitly another claim never received return apparently going get refund product refund,negative,0.9555253982543945
got microdot mouse followed directions install software plug mouse mouse arrow would move would open anything check boxes licensing boxes went back old mouse lovely microdot software screwed work either went microdot support site took half hour get signed system recognize product id started go paid support service unwilling pay times cost mouse use service probably would work better mouse software support site pay get local company fix confusion short cheap mouse screwed system used want profit screw possibly fix error would pass says microdot,negative,0.9637420177459717
thought would add star vote think worst roger conman horror movie ever watched using respected name like falloff enough make movie even jack nickolson insufficient make film basically nothing happened watching chucked back collection watched since,negative,0.9689671397209167
positive good looking comfortable voice quality good natural sounding noiseconfusionnegative mic volume low people otherwise always complain voice quiet used cordless phone confusion volume speaker headphoneconfusion quite loud problem hearing people voice,positive,0.779597282409668
