review_rating,review_body,Cleaned_Review
1,"They originally shipped me the wrong color. I let them know and they sent me the correct one, no problem. I am very happy with the size, color, ease of zipping, and number of pockets.",originally shipped wrong color let know sent correct one problem happy size color ease zipping number pockets
1,It was very nice looks and feel. It is very practical and durables. It did survived international trip made it well.,nice looks feel practical durables survived international trip made well
1,"I travel frequently and have ordered several styles of cosmetics pouches, hanging bags, etc. to find the best solution for me. Finally found the one! This holds brushes, skincare and makeup, and I love the zipper pocket and smaller side pockets. I keep this on my vanity for everyday use as well. Don‚Äôt hesitate to order. Ordered pink and color is great.",travel frequently ordered several styles cosmetics pouches hanging bags et find best solution finally found one holds brushes skincare makeup love zipper pocket smaller side pockets keep vanity everyday use well hesitate order ordered pink color great
0,I have the bag in camel and use it as a daily travel bag - it‚Äôs been fully loaded to max capacity for two years now and holding up very well.Just got my husband a black one to use as his toiletries travel bag - he really likes it,bag camel use daily travel bag fully loaded man capacity two years holding well got husband black one use toiletries travel bag really likes
1,"I really like this makeup bag. When it's open, I can see everything, I can more easily find what I'm looking for, and am more inclined to use all my products more often. I like the way the bag stays open, making it easier to find what I'm looking for. Protects makeup and helps keep it organized. Smooth zipper, handle is comfortable to hold.I have no complaints about this great bag. The makeup bag is a decent size, not too big or too small to take up too much space on my side. Fast shipping and well packaged. Looks as I expected.",really like makeup bag open see everything easily find looking inclined use products often like way bag stays open making easier find looking protects makeup helps keep organized smooth zipper handle comfortable hold complaints great bag makeup bag decent size big small take much space side fast shipping well packaged looks expected
1,"Great multipurpose bag!!! This one can be used as more than a makeup bag, you can put anything you want, especially the compartments in the bag are better than any makeup bag I have ever bought, it will not clutter your things!!! I love it! Great value for style and quality, bigger than I thought it could hold a lot of stuff, but doesn't take up much space when folded up and carried out the door, all other toiletry bags I've looked at are much more expensive. Buy them you will not be disappointed, I will probably order more. For the price, all I can say is great value for money!!!",great multipurpose bag one used makeup bag put anything want especially compartments bag better makeup bag ever bought clutter things love great value style quality bigger thought could hold lot stuff take much space folded carried door toiletry bags looked much expensive buy disappointed probably order price say great value money
1,Perfect size for all your travel needs.,perfect size travel needs
1,A lot fits in it. I love it.,lot fits love
1,This holds so much stuff! I was pleasantly surprised at what all I could fit. Color is beautiful too!,holds much stuff pleasantly surprised could fit color beautiful
0,I use this makeup bag as my permanent makeup bag as well as travel bag. It is very nice and convenient to zip it up and take it with you. I searched to find the best price and value and this definitely fit my needs! I haven‚Äôt tried cleaning the inside but the outside wipes down nicely.,use makeup bag permanent makeup bag well travel bag nice convenient zip take searched find best price value definitely fit needs tried cleaning inside outside wipes nicely
1,Very convenient and handy. From everyday packaing use to that vacation. Love how handy and reuseable they are.,convenient handy everyday packing use vacation love handy reusable
1,the fact that it completely opens up so you can see what's inside the bag without taking everything out is just what I was looking for. Good product.,fact completely opens see inside bag without taking everything looking good product
0,"i like the color and shape of the bag but the middle of the bag doesn‚Äôt come up far enough so when you close it, all of the products you put in it on the side that‚Äôs closest to the top falls into the other compartment. the pockets are very loose too so i feel that anything you put in them will also fall out.",like color shape bag middle bag come far enough close products put side closest top falls compartment pockets loose feel anything put also fall
0,This is a great bag but was hoping it would be larger. Hard to zip close.,great bag hoping would larger hard zip close
1,The media could not be loaded.I love the color the quality and the size,media could loaded love color quality size
1,"Great buy - I got a lot of compliments on this Makeup bag, I made them work without too much trouble.Its bag is made of a good material and is definitely worth the money! This makeup bag worked out great. Good size and I like the pockets for brushes plus the additional smaller makeup bag to put inside for hard to find items. I can hold all my cosmetics and skin care products, the partition is obvious, I can put the cosmetics and skin care products separately, and they will not be messed up.",great buy got lot compliments makeup bag made work without much trouble bag made good material definitely worth money makeup bag worked great good size like pockets brushes plus additional smaller makeup bag put inside hard find items hold cosmetics skin care products partition obvious put cosmetics skin care products separately messed
1,Opens wide for easy access. Very cute and vivid colors.,opens wide easy access cute vivid colors
1,"Good quality and came quickly.I am a really-orderer as the design is nice for travel.When you unzip, it opens completely so you can see everything.",good quality came quickly really orderer design nice travel unzip opens completely see everything
0,I love hos much this bag holds and allow of the pockets it has!Great for Travel,love hos much bag holds allow pockets great travel
1,"Good size, light weight and held up really well carrying all of my make up especially when I was traveling around Asia for ~3 months! Did not take up so much space which I love and it‚Äôs just good on the go!",good size light weight held really well carrying make especially traveling around aria months take much space love good go
1,I bought this for my teenage daughter. It holds alot of make up and various sized make up brushes and skin care products. I bought the cream colored one and it's a really pretty color. Does not look cheap at all. I will be buying myself one now.,bought teenage daughter holds lot make various sized make brushes skin care products bought cream colored one really pretty color look cheap buying one
0,"It‚Äôs okay, not as large as I‚Äôd like and the middle portion is pretty cheaply made. You can probably find a better one elsewhere.",okay large would like middle portion pretty cheaply made probably find better one elsewhere
0,The color is super cute just not what I thought I was buying!,color super cute thought buying
1,I‚Äôve taken several trips with this bag! It‚Äôs kept all my items organized and seems to be the perfect amount of compartments! I used one side for makeup and the other for light toiletries!,taken several trips bag kept items organized seems perfect amount compartments used one side makeup light toiletries
1,"His make up bag was exactly what I was looking for. The number of compartments helps me organize my supplies so much better. When zipped, it becomes more compact than you think would be able to fit. I will be buying for my daughters for all of their beauty supplies!",make bag exactly looking number compartments helps organize supplies much better zipped becomes compact think would able fit buying daughters beauty supplies
1,I got this as a gift for my budding ballerino.It's solid and easy to pack just a bit small for all his stage makeup.The dividers are a definite plus.,got gift budding ballerina solid easy pack bit small stage makeup dividers definite plus
1,This is just perfect for holding my daily cosmetics...it has plenty of room and I love how when you open it you see everything and don't need to dig for anything...The design is amazing. Plus the softness helps maculate it to traveling I would presume. I bought this for my summer trip.,perfect holding daily cosmetics plenty room love open see everything need dig anything design amazing plus softness helps maculate traveling would presume bought summer trip
1,Wish it had a tag on both ends so that you can hold it when zipping and unzipping.,wish tag ends hold zipping unzipping
1,"Good materials, pretty color. Very spacious inside. Perfect for my carry-on.",good materials pretty color spacious inside perfect carry
0,"this is a cute bag and sturdy material on the outside however the zipper tan is cheap and came off when I opened it and then everything I placed in the pockets just immediately fall out when u close the bag so every time u open the bag everything is all in the center mixed together , so disappointed",cute bag sturdy material outside however zipper tan cheap came opened everything placed pockets immediately fall close bag every time open bag everything center mixed together disappointed
0,the material looks really junky and flimsy,material looks really junky flimsy
1,I put my crochet hat project into this make up bag and crochet accessories and gadgets n crochet hooks in the small compartment I love it and so convenient love it when I crochet in the cafe ‚Ä¶,put crochet hat project make bag crochet accessories gadgets n crochet hooks small compartment love convenient love crochet came
0,"Cute dupe makeup bag, its a nice size for travel or special occasion. Not quite big enough for everyday use for me but very cute and nice quality. Would make a cute gift too!",cute dupe makeup bag nice size travel special occasion quite big enough everyday use cute nice quality would make cute gift
1,"We can't get enough of these cute chenille letter bags in our household.I got a couple for my teen daughter and now all her friends want them, too.So, we've stocked up on some and have been giving them as gifts here and there.Every girl so far has loved her, as they're very in style right now.Sturdy.",get enough cute chenille letter bags household got couple teen daughter friends want stocked giving gifts every girl far loved style right sturdy
1,This is a good travel bag. It is a good size and fits a good amount of stuff. It is a nice color and I like the texture of the material. I also like the way it opens up so that you don't have to dig for everything.,good travel bag good size fits good amount stuff nice color like texture material also like way opens dig everything
1,"I really enjoy this product. It is perfect for traveling, and just in general makeup storage. I love the feeling of the material, and more importantly the color. I would definitely recommend this product. It could also serve as a super cute gift for a friend/relative!",really enjoy product perfect traveling general makeup storage love feeling material importantly color would definitely recommend product could also serve super cute gift friend relative
1,Fit a lot of things for my 12 year old. Lots of room and such a cute color.,fit lot things year old lots room cute color
1,"I wasn't too sure about what the bag would hold. I have added all my ""stuff"" like accessories for travel and it fits like a charm. The items I put inside are the travel size toothpaste brush soaps shampoos etc. It is very compact and easy to clean. no problems encountered so far.",sure bag would hold added stuff like accessories travel fits like charm items put inside travel size toothpaste brush soaps shampoos et compact easy clean problems encountered far
1,This holds a lot and I like that I can put all my everyday makeup in once bag now. Zips well and compartments are great to have. I really like these bags and the quality of them,holds lot like put everyday makeup bag zips well compartments great really like bags quality
1,"I really like that this toiletry bag opens flat so that you can see and have access to everything you packed.The inner zippered compartment is convenient as are the pockets on each side.There was a mild plasticky odor when it first arrived, but it has dissipated after airing out.It's an attractive design as well.",really like toiletry bag opens flat see access everything packed inner zippered compartment convenient pockets side mild plastic odor first arrived dissipated airing attractive design well
1,LOVE THIS BAGlove how it opens up 100%super easy to use and store all your stuffthe color is great the size is greatzipper will last a long time as well,love glove opens super easy use store stuffthe color great size greatzipper last long time well
1,"I saw this trend bag everywhere and I requested it! In looooooive with it!Great color, material and design. It holds everything that I need and do not mess up my things.GREAT!!!",saw trend bag everywhere requested looooooive great color material design holds everything need mess things great
1,I love that it fits all my essentials. I‚Äôve had it for months now. With good care it lasts a good time.,love fits essentials months good care lasts good time
1,"This make up bag is awesome. It is a medium size not too big and not too small and its size is perfect to fit in a suitcase. I'm particularly happy with the height and width. Perfect for travel or everyday use. It is well finished and seems very sturdy. The zipper is golden color and very smooth. It opens wide and has a small zipper pouch for make up brushes or small items like lip gloss, mascara or pencils. It also has a couple side pouches to organize everything nicely. The material it's made of isn't cloth, so seems to repel water and it looks very high end. Love this make up bag!!",make bag awesome medium size big small size perfect fit suitcase particularly happy height width perfect travel everyday use well finished seems sturdy zipper golden color smooth opens wide small zipper pouch make brushes small items like lip gloss mascara pencils also couple side pouches organize everything nicely material made cloth seems repel water looks high end love make bag
0,This bag took a long time to be delivered. When I opened it it was creased and wrinkled (the material) bought for gift . Not giving as gift will donate.,bag took long time delivered opened creased wrinkled materialconfusion bought gift giving gift donate
1,Beautiful! Great quality. Fits so much without being too bulky. Has 2 big compartments with some little pockets inside. Perfect for my needs. Love it!,beautiful great quality fits much without bulky big compartments little pockets inside perfect needs love
1,"Exactly what I needed. A bag that opens up completely, but still has some compartments for organizing. This is not a luxury bag, but it is exactly as described and looks nice.",exactly needed bag opens completely still compartments organizing luxury bag exactly described looks nice
0,"It's a good quality and very spacious cool travel bag. Of course it depends how much do you usually take to travel, but it definitely holds a lot of travel/ cosmetic stuff. If you are looking for something decent quality and looking good and spacious bag, this one worth buying.",good quality spacious cool travel bag course depends much usually take travel definitely holds lot travel cosmetic stuff looking something decent quality looking good spacious bag one worth buying
1,Used this for the first time for a weekend trip. I liked that it opened right up and I could easily see everything in my bag. Itwas easy to use and had plenty of room for my makeup and toiletries. Now I know it‚Äôll be a perfect size for a longer trip. Packs well into my bag too. Material is good and zipper feels sturdy.,used first time weekend trip liked opened right could easily see everything bag twas easy use plenty room makeup toiletries know perfect size longer trip packs well bag material good zipper feels sturdy
1,"Perfect to keep daily skincare in or to use as a travel makeup bag to through in your tote! Easy zipper, light weight, beautiful vibrant color, good quality, has no odor & is the cutest item to serve my purposes!",perfect keep daily skincare use travel makeup bag tote easy zipper light weight beautiful vibrant color good quality odor cutest item serve purposes
1,Great makeup bag or travel bag .. ton of room and zippers allow it to open almost all the way.,great makeup bag travel bag ton room zippers allow open almost way
1,"Durable, squishy enough to fit snugly into suitcase but still protects items inside. Can fit an amazing amount of things in this. I call in my Mary Poppins travel kit!",durable squishy enough fit snugly suitcase still protects items inside fit amazing amount things call many popping travel kit
0,"Material is thick and sturdy. Wipeable. Pockets are great. But the off center zipper is a terrible design. Gets stuck and its hard to close up and always opens up on the ends, dropping out my make-up and brushes.",material thick sturdy sizeable pockets great center zipper terrible design gets stuck hard close always opens ends dropping make brushes
1,I‚Äôve been looking for the perfect cosmetics bag that works at home and can be snatched up easily for on the go and this is it! I love how it opens wide showing all contents and closed its compact with a handle. I got the white with brown trim so it looks nice if I leave it on my counter. I never thought I‚Äôd write such a glowing review of a cosmetic bag but here I am!!!,looking perfect cosmetics bag works home snatched easily go love opens wide showing contents closed compact handle got white brown trim looks nice leave counter never thought would write glowing review cosmetic bag
1,"Got this bag when I was diagnosed with gestational diabetes and needed something to put my lancets and alcohol swabs and the glucose monitor in. Works perfectly for what I needed it for and can definitely imagine myself re-using it once this is over for makeup or other things. Cute, well-made, and durable!",got bag diagnosed gestational diabetes needed something put lancets alcohol swabs glucose monitor works perfectly needed definitely imagine using makeup things cute well made durable
1,"Needed something to just carry the basics. Mascara, lotion, my brushes, body spray and some color for my cheeks. All the essentials.This bag fit nicely in my suitcase and the size is perfect.",needed something carry basics mascara lotion brushes body spray color cheeks essentials bag fit nicely suitcase size perfect
1,"I ordered this for my summer vacation and I really loved it. All my makeup and skincare routine stayed organized and easy to access, which wasn't the case before.üíØRecommended",ordered summer vacation really loved makeup skincare routine stayed organized easy access case recommended
1,Perfect bag that holds all of my makeup.,perfect bag holds makeup
0,"Its cute and seems well made so i expect it to be durable.However, its not exactly large.I would qualify it as medium sized.",cute seems well made expect durable however exactly large would qualify medium sized
1,I use this everyday and it holds up really good and it is very nice to throw everything in it and take it anywhere!,use everyday holds really good nice throw everything take anywhere
1,"This bag is sturdy, good quality and the material is thick and the zippers strong. It is large so it will definitely hold all my makeup and more when traveling. I highly recommend this makeup bag!",bag sturdy good quality material thick zippers strong large definitely hold makeup traveling highly recommend makeup bag
0,"Everything I needed in a cosmetics bag, but I was disappointed in the measurements. The description said it was as tall as an iphone 15, but it wasn't.",everything needed cosmetics bag disappointed measurements description said tall phone
1,Love the quality and it‚Äôs very pretty as well.,love quality pretty well
1,Cute and lots of room and I love it I can see my stuff in it up right and don‚Äôt have to dig for anything.,cute lots room love see stuff right dig anything
1,"Looks expensive, opens wide, fits lots of stuff and has great compartments. Worth every penny!",looks expensive opens wide fits lots stuff great compartments worth every penny
1,"El tama√±o que esperaba, color y material excelente",el mama due esperaba color material excellent
0,"Cute, well crafted but hard to close.",cute well crafted hard close
0,I love the fact the bag opens up to expose all of your toiletries.It‚Äôs so nice to leave everything in its place in the bag.,love fact bag opens expose toiletries nice leave everything place bag
1,"So far I like this bag very much. Opens toflat so you can see everything. Has enough pockets etc to put compacts, bottles or whatever. Seems like it will hold up well.",far like bag much opens flat see everything enough pockets et put compacts bottles whatever seems like hold well
1,These travel accessory bags are a girl or guy travel necessity! They hold so much. Strong zipper and items stay secure.,travel accessory bags girl guy travel necessity hold much strong zipper items stay secure
1,Bag of pretty big!! fits all mymakeup :),bag pretty big fits makeup happy face smiley
1,The dangle zipper allows the bag to open up wide.Nice quality. The beige/camel color is nice.Ordered 3‚Äì will keep one and gift the rest.,dangle zipper allows bag open wide nice quality beige camel color nice ordered keep one gift rest
1,I love this makeup bag,love makeup bag
1,Love the way the zipper opens the bag up to get your items init. Love the elastic pouches and middle pouch.,love way zipper opens bag get items unit love elastic pouches middle pouch
1,It is really compact and nice,really compact nice
1,I'm a makeup person with tons of eyeshadow palettes and it's hard to travel with them. I was able to fit 12-16 pan palettes in here and all my other makeup. I will probably be buying another one soon,makeup person tons eyeshadow palettes hard travel able fit pan palettes makeup probably buying another one soon
0,I really like this bag! there is a lot more room than you'd think just looking at it. I was going to buy a luxury brand and discovered this instead. I'm glad I didn't spend the high $ amount - this has been a great solve for what I need. It washes off really well and is easy to clean.,really like bag lot room would think looking going buy luxury brand discovered instead glad spend high amount great solve need washes really well easy clean
1,Looks and feels high end! Fits a lot of travelProducts nicely. Feels very well made and zipper plus hardware are high quality! Wasn‚Äôt sure how it would be given the inexpensive price but it‚Äôs impressively well made!,looks feels high end fits lot travelproducts nicely feels well made zipper plus hardware high quality sure would given inexpensive price impressively well made
0,"When he saw it, hubby said I could never fit all my toiletries in the bag.Till now, I carried all my junk in two 1 gallon zip bags but as you can see it did indeed all fit in the large capacity Telena make up bag.Now I don't have any cosmetics, just hair products and personal hygiene items and it all fits.The bag opens nicely for easy access but it takes a little finesse to start the zipper from wide open, which is why I give four stars rather than five.Overall, it's just what I wanted.",saw hubby said could never fit toiletries bag till carried junk two gallon zip bags see indeed fit large capacity telega make bag cosmetics hair products personal hygiene items fits bag opens nicely easy access takes little finesse start zipper wide open give four stars rather five overall wanted
1,Love this makeup bag! It fits a lot more than I was expecting.,love makeup bag fits lot expecting
1,Holds all my beauty products with room to spare.,holds beauty products room spare
1,I like it - it looks amazon and all my stuff fits in very well. Quality is better than I expected.,like looks amazon stuff fits well quality better expected
0,Great to throw in a suitcase or weekender- holds every thing I need - plenty of room,great throw suitcase weekender holds every thing need plenty room
1,Nice looking and holds a good amount of makeup.,nice looking holds good amount makeup
0,"I liked this travel bag.I could have just been a little bit taller to accommodate some of my larger items but otherwise holds everything, toiletry wise, I needed for a two week trip abroad. Definitely perfect for travel.",liked travel bag could little bit taller accommodate larger items otherwise holds everything toiletry wise needed two week trip abroad definitely perfect travel
1,Fits a lot! Great for traveling with makeup & skincare.,fits lot great traveling makeup skincare
1,Love it! Recommend it,love recommend
0,I was able to fit most of my facial products and makeup items in this bagLoved the separate compartment for the brushes. The only complaint I have is the the elastic on the side pockets are a bit loose. But definitely not a deal breaker.,able fit facial products makeup items beloved separate compartment brushes complaint elastic side pockets bit loose definitely deal breaker
1,Perfect fit for sunscreen,perfect fit sunscreen
1,"Travel bag , everything fit great",travel bag everything fit great
1,"Best makeup bag! It‚Äôs the perfect size, and opens up wide so you don‚Äôt have to shuffle around a bag. I‚Äôve only had it for a few weeks, but it feels like amazing quality so far. Definitely recommend!",best makeup bag perfect size opens wide shuffle around bag weeks feels like amazing quality far definitely recommend
1,"Love it !Cute, spaciousHolds a lotof makeupüòÑ",love cute spaciousholds look makeup
1,This makeup bag is wonderful! Spacious for all my bigger items folds so nicely. Just what I was looking for!,makeup bag wonderful spacious bigger items folds nicely looking
1,This bag looks so beautiful and has tons of room ! It fits so nicely on my carry on and the color is perfect,bag looks beautiful tons room fits nicely carry color perfect
0,Sturdy project.The angle zip and fold out does take up some counter space but it works out.,sturdy project angle zip fold take counter space works
0,"Nice colors, strong zipper & easy to clean",nice colors strong zipper easy clean
1,"This makeup carryall is perfect for holding all of my makeup and moisturizers at home, and I‚Äôve also used it as a travel case for same. Super in both capacities. I love the pale pink color option I chose. Everything about it is as advertised. It‚Äôs durable. Perfect in every way.",makeup carryall perfect holding makeup moisturizers home also used travel case super capacities love pale pink color option chose everything advertised durable perfect every way
1,"{""clickstreamNexusMetricsConfig"":{""actionType"":""DISCOVERY"",""productId"":"""",""eventOwner"":""vsemetrics_playercards"",""schemaId"":""clickstream.CustomerEvent.4"",""producerId"":""vsemetrics_playercards"",""eventType"":""IVEVideoView""},""clientPrefix"":""vse_reviews_desktop_r86327885kw1k_1728855621475"",""closedCaptionsConfig"":{""captionsOnTexts"":{""en"":""English (Automated)""},""captionsOffText"":""Captions off"",""languageToLabelTexts"":{""English"":""English""}},""sushiMetricsConfig"":{""isRobot"":false,""clientId"":""VSE-US"",""videoAsinList"":"""",""weblabIds"":"""",""eventSource"":""Player"",""sessionId"":""132-2917368-7774643"",""refMarkers"":""vse_reviews_desktop_R86327885KW1K_1728855621475_ref"",""placementContext"":""cr_inline_review"",""marketplaceId"":""ATVPDKIKX0DER"",""isInternal"":false,""endpoint"":""https://unagi-na.amazon.com/1/events/com.amazon.eel.vse.metrics.prod.events.test"",""requestId"":""Y4PGJJP9ZNBPCTHFF739"",""customerId"":""0"",""sessionType"":1},""mimeType"":""application/x-mpegURL"",""nexusMetricsConfig"":{""isInternal"":false,""widgetMetricsSchemaId"":""vse.VSECardsEvents.8"",""clientId"":""VSE-US"",""videoAsinList"":"""",""weblabIds"":"""",""eventSource"":""Player"",""videoAsin"":""R86327885KW1K"",""producerId"":""vsemetrics_playercards"",""refMarkers"":""vse_reviews_desktop_R86327885KW1K_1728855621475_ref"",""placementContext"":""cr_inline_review"",""playerTSMMetricsSchemaId"":""vse.VSECardsPlayerEvents.7""},""videoHeight"":0,""videoWidth"":0,""initialClosedCaptions"":""en,https://m.media-amazon.com/images/S/vse-vms-closed-captions-artifact-us-east-1-prod/closedCaptions/0d9f4c17-aad6-457d-9ad2-d8df69d859cd.vtt"",""videoUrl"":""https://m.media-amazon.com/images/S/vse-vms-transcoding-artifact-us-east-1-prod/1339a291-0aed-4982-b603-64a4ac132e38/embedded.cc.default.jobtemplate.hls.m3u8"",""metricsEmissionMethod"":""nexus"",""imageUrl"":""https://m.media-amazon.com/images/I/71G1NeMgZgL._SY256._SY256.jpg"",""awaConfig"":{""useUpNextComponent"":false,""clickstreamNexusMetricsConfig"":{""actionType"":""DISCOVERY"",""productId"":"""",""eventOwner"":""vsemetrics_playercards"",""schemaId"":""clickstream.CustomerEvent.4"",""producerId"":""vsemetrics_playercards"",""eventType"":""IVEVideoView""},""initialVideo"":""R86327885KW1K"",""shouldPreload"":true,""enableClickBasedAttribution"":false,""isChromelessPlayer"":false,""closedCaptionsConfig"":{""captionsOnTexts"":{""en"":""English (Automated)""},""captionsOffText"":""Captions off"",""languageToLabelTexts"":{""English"":""English""}},""showPlayerPlayButton"":false,""isVideoImmersivePlayer"":false,""metricsEmissionMethod"":""nexus"",""skipInitialFocus"":false,""playerSkin"":""none"",""disabledViewIds"":[""replayHint""],""includeEarnsComissionDisclosure"":false,""customerId"":""0"",""containerId"":""vse_reviews_desktop_r86327885kw1k_1728855621475-player-a000971d-8546-4a36-b878-186f70db494a"",""allowCrossOrigin"":false,""requestMetadata"":{""marketplaceId"":""ATVPDKIKX0DER"",""clientId"":""VSE-US"",""method"":""cr_inline_review"",""requestId"":""Y4PGJJP9ZNBPCTHFF739"",""pageAsin"":"""",""sessionId"":""132-2917368-7774643""},""shouldLoop"":false,""shouldDisableControls"":false,""alwaysSetInitialVideo"":true,""showPlayerCloseButton"":false,""clientPrefix"":"""",""useAutoplayFallback"":false,""sushiMetricsConfig"":{""isRobot"":false,""clientId"":""VSE-US"",""videoAsinList"":"""",""weblabIds"":"""",""eventSource"":""Player"",""sessionId"":""132-2917368-7774643"",""refMarkers"":""vse_reviews_desktop_R86327885KW1K_1728855621475_ref"",""placementContext"":""cr_inline_review"",""marketplaceId"":""ATVPDKIKX0DER"",""isInternal"":false,""endpoint"":""https://unagi-na.amazon.com/1/events/com.amazon.eel.vse.metrics.prod.events.test"",""requestId"":""Y4PGJJP9ZNBPCTHFF739"",""customerId"":""0"",""sessionType"":1},""ospLinkCode"":"""",""showPosterImage"":true,""languageCode"":""en"",""version"":"""",""nexusMetricsConfig"":{""isInternal"":false,""widgetMetricsSchemaId"":""vse.VSECardsEvents.8"",""clientId"":""VSE-US"",""videoAsinList"":"""",""weblabIds"":"""",""eventSource"":""Player"",""videoAsin"":""R86327885KW1K"",""producerId"":""vsemetrics_playercards"",""refMarkers"":""vse_reviews_desktop_R86327885KW1K_1728855621475_ref"",""placementContext"":""cr_inline_review"",""playerTSMMetricsSchemaId"":""vse.VSECardsPlayerEvents.7""},""shouldStartMuted"":false,""airyVersion"":""VideoJS"",""languagePreferenceStrings"":{},""enableInactiveFocus"":true,""isReactFactory"":false,""enableDelphiAttribution"":false,""includeReportWidget"":false,""shouldAutoplay"":false},""needPlayerFactory"":false,""isMobile"":false}The video showcases the product in use.The video guides you through product setup.The video compares multiple products.The video shows the product being unpacked.Video Player is loading.Play VideoPlayMuteCurrent Time 0:00/Duration¬†0:00Loaded: 0%Stream Type¬†LIVESeek to live, currently behind liveLIVERemaining Time¬†-0:00¬†1xPlayback RateChaptersChaptersDescriptionsdescriptions off, selectedCaptionscaptions off, selectedAudio TrackFullscreenThis is a modal window.The media could not be loaded, either because the server or network failed or because the format is not supported.Love the quality, texture of outside and large capacity. Holds a lot of items without being bulky! Quality zipper is a major plus too!",clickstreamnexusmetricsconfig frown sad angry pouting actiontype discovery production eventowner isometrics playercards schematic clickstream customerevent produced isometrics playercards eventtype ivevideoview clientprefix use reviews desktop r kw k closedcaptionsconfig frown sad angry pouting captionsontexts frown sad angry pouting en english automatedconfusion captionsofftext captions languagetolabeltexts frown sad angry pouting english english sushimetricsconfig frown sad angry pouting robot false client use us videoasinlist weblabids eventsource player session refmarkers use reviews desktop r kw k ref placementcontext inline review marketplace atvpdkikx internal false endpoint automatedconfusion captionsofftext captions languagetolabeltexts frown sad angry pouting english english showplayerplaybutton false isvideoimmersiveplayer false metricsemissionmethod nexus skipinitialfocus false playerskin none disabledviewids frown sad angry pouting replaying includeearnscomissiondisclosure false customers contained use reviews desktop r kw k player b f db allowcrossorigin false requestmetadata frown sad angry pouting marketplace atvpdkikx client use us method inline review requested pgjjp znbpcthff pageasin session shouldloop false shoulddisablecontrols false alwayssetinitialvideo true showplayerclosebutton false clientprefix useautoplayfallback false sushimetricsconfig frown sad angry pouting robot false client use us videoasinlist weblabids eventsource player session refmarkers use reviews desktop r kw k ref placementcontext inline review marketplace atvpdkikx internal false endpoint video showcases product use video guides product setup video compares multiple products video shows product unpacked video player loading play videoplaymutecurrent time duration loadetongue sticking cheeky playful blowing raspberry stream type liveseek live currently behind liveliveremaining time playback ratechapterschaptersdescriptionsdescriptions selectedcaptionscaptions selectedaudio trackfullscreenthis modal window media could loaded either server network failed format supported love quality texture outside large capacity holds lot items without bulky quality zipper major plus
0,"I purchased this bag due to the size and other reviews, but it was not as expected. The internal zipper hender you from organizing your items as you would want. My previous travel bag wasn‚Äôt as big and I was able to fix all the necessary items. I like the color and quality, but lacks functionality.",purchased bag due size reviews expected internal zipper tender organizing items would want previous travel bag big able fix necessary items like color quality lacks functionality
0,Lovely bag and very functional. The only issue is it was dirty on the inside with black markings. It also came with a flosser & some mini moisturizer but the flosser had some red stuff on it and some of the red stuff was also spread around in the bag. I cleaned it with Clorox wipes and it all went away but it totally grossed me out!,lovely bag functional issue dirty inside black markings also came flossed mini moisturizer flossed red stuff red stuff also spread around bag cleaned claro wipes went away totally grossed
1,"The media could not be loaded.Thank you, it‚Äôs a great product. Very high qualityAccurate as described",media could loaded thank great product high qualityaccurate described
1,"Mary Poppins would definitely love this bag with all of the room it provides! Although it is a little difficult to open at first, there are multiple compartments that can also be used as a toiletries bag as opposed to the traditional makeup bag. Really cute design and takes up less space in my overnight bag/luggage.",many popping would definitely love bag room provides although little difficult open first multiple compartments also used toiletries bag opposed traditional makeup bag really cute design takes less space overnight bag luggage
1,"This makeup case is so spacious and allows for good organization. I don‚Äôt travel often or have a lot of cosmetics, but it allows me to gather my makeup, toiletries, skin care products, small sized hair care products all in one place",makeup case spacious allows good organization travel often lot cosmetics allows gather makeup toiletries skin care products small sized hair care products one place
0,This is my second one like this. Has plenty of room and easy to access items.I wish the dividers were attached to the bag so items like eye pencils etc wouldn‚Äôt move throughout the bag instead of staying inside a section for easy retrieval. I‚Äôm not sure I would purchase again but I‚Äôm using this daily.,second one like plenty room easy access items wish dividers attached bag items like eye pencils et would move throughout bag instead staying inside section easy retrieval sure would purchase using daily
1,"This bag is spacious, has a very smart design, can fit makeup and skincare, perfect for travel.",bag spacious smart design fit makeup skincare perfect travel
1,"It has such a large capacity. I have separate households, and this fits all my messe art things:)",large capacity separate households fits mess art thingshappy face smiley
1,I use this makeup bag to carry my prescriptions and it s perfect! Roomy and easy to work with.,use makeup bag carry prescriptions perfect roomy easy work
0,The bag was very flexible and zips easily. Held majority of my make up and skin care. I only used this once. I do prefer a more sturdy form to hold my items. But if you like flexibility I would recommend this to you. :),bag flexible zips easily held majority make skin care used prefer sturdy form hold items like flexibility would recommend happy face smiley
1,"Roomy, good quality",roomy good quality
0,I like the bag and it fits my needs. Please note the product I received only has two compartments and I was expecting it to have three.,like bag fits needs please note product received two compartments expecting three
1,"This bag is honestly worth all the hype. I am able to fit skincare, makeup, and body care all into this one bag. The pockets aren‚Äôt very convenient but it‚Äôs very nice to have. The material on the inside and outside is very easy to clean and it‚Äôs just amazing!!",bag honestly worth hype able fit skincare makeup body care one bag pockets convenient nice material inside outside easy clean amazing
1,Impressed with the roominess of this makeup bag.Exterior fabric better than expected.,impressed roominess makeup bag exterior fabric better expected
0,Closing it is frustrating. I fill it up and it‚Äôs not as big as my standard box sized one. I have to grab it with both hands while closing it to get the zipper to shut.Style is not user friendly. Don‚Äôt recommend.,closing frustrating fill big standard box sized one grab hands closing get zipper shut style user friendly recommend
1,Very sturdy and great quality. Would def recommend,sturdy great quality would de recommend
1,My daughter loves it. Lays out nicely so you can see all your ‚Äùstuff‚Äù Holds a lot of items. Perfect size.,daughter loves lays nicely see stuff holds lot items perfect size
1,This is so handy for travel. All of my makeup fits for traveling and the outside of the pouch is so easy to wipe up and sanitize. Would buy again,handy travel makeup fits traveling outside pouch easy wipe sanitize would buy
1,I bought this for my daughter for her bday and she LOVES it! It is very roomy and fits all of her things. I would definitely buy again!,bought daughter birthday loves roomy fits things would definitely buy
1,Perfect size for what I need it,perfect size need
1,I loved this.Finally have all makeup and moisturizing essentials in one place when I travel.Fit nicely in suitcase.,loved finally makeup moisturizing essentials one place travel fit nicely suitcase
1,HAS SO MUCH SPACE !,much space
1,Color true to photo. Seems are sewn neatly . Looks and seems sturdy. Plenty of room inside.Very neat and cute.,color true photo seems sewn neatly looks seems sturdy plenty room inside neat cute
1,"Classy, functional, affordable. This is to date my favorite makeup bag.",classy functional affordable date favorite makeup bag
1,"Lots of pockets and sturdy, so it stands on its own...lovew the color and the soft cloth feel and waterproof bottom, so it stays clean.",lots pockets sturdy stands love color soft cloth feel waterproof bottom stays clean
0,I gave it a four star because honestly it wasn‚Äôt what I was looking for. I wanted the outside walls to be more sturdy and have compartments that could actually keep items in place. The color was nice. I got the cream colored/beige one. I just returned it because it was not what I was looking for.,gave four star honestly looking wanted outside walls sturdy compartments could actually keep items place color nice got cream colored beige one returned looking
1,Good quality- soft. It hold all my products well.easy to look though to find what I need cause how it opens up.,good quality soft hold products well easy look though find need opens
1,"This is not your average sized makeup bag- for me anyway. It‚Äôs quite large, larger than I expected. When traveling, this will fit all my skin care and makeup. The look is classy. I feel spoilt with it.",average sized makeup bag anyway quite large larger expected traveling fit skin care makeup look classy feel spoilt
1,The size of the bag was perfect! I received so many compliments on the design! It has a ‚Äúhigh end‚Äù quality to it.,size bag perfect received many compliments design high end quality
1,The design of this cosmetic bag is reallywell planned out.The divisions make sense to keep everything organized.And it is really beautifully made.,design cosmetic bag reallywell planned divisions make sense keep everything organized really beautifully made
0,"I bought this as a Christmas gift for my girlfriend and she loved it. It is great quality for the price and I have no complaints about the bag. The one issue was that there were markings on the inside of the bag that made it appear to not be brand new, even though it was. I didn‚Äôt care much about the mark and she didn‚Äôt either so it‚Äôs okay.",bought christian gift girlfriend loved great quality price complaints bag one issue markings inside bag made appear brand new even though care much mark either okay
0,"The bag is pretty and it fits perfectly without taking too much space in my bag. However, the top inner pocket of the bag stays open, and all of my makeup falls inside the bag as soon as I close it. It could be a little better.",bag pretty fits perfectly without taking much space bag however top inner pocket bag stays open makeup falls inside bag soon close could little better
1,"I bought this for a trip as I am often frustrated with my other toiletry bag that zips open and lies flat on the counter.If there's not enough space, I end up with things falling out and a mess!Cue this bag, which I am in LOVE with!The gold zipper glide smoothly, the outside is easy to wipe clean and even my two tween daughters were oohing and ahhing over the looks of it!It looks like a nice high-end bag.Functionally, it has easy-to-use expandable sections on both sides and I appreciate how easy it is to fold to get and zip up in a cinch!I even keep my makeup in it at home now!It holds everything I need and even some room for my face creams.A must have!",bought trip often frustrated toiletry bag zips open lies flat counter enough space end things falling mess cue bag love gold zipper glide smoothly outside easy wipe clean even two tween daughters oohing aching looks looks like nice high end bag functionally easy use expandable sections sides appreciate easy fold get zip cinch even keep makeup home holds everything need even room face creams must
1,This little number was absolutely a dream to travel with. It holds SO much and I love how it opens and can sit on the countertop. I like the style and have been very happy with it.,little number absolutely dream travel holds much love opens sit countertype like style happy
1,really nice color. perfect size!Will order again,really nice color perfect size order
1,"Love how it lays flat when open. Several pockets for convenience , really keeps things organized",love lays flat open several pockets convenience really keeps things organized
1,Looks expensive and isn‚Äôt! But it‚Äôs not ‚Äúcheap‚Äù either! Appears to be well made! Holds a lot more product than I expected it to! I travel quite often and I think this bag will hold up well.,looks expensive cheap either appears well made holds lot product expected travel quite often think bag hold well
1,My new favorite make up bag! Obsessed with the color and it‚Äôs larger than I expected. Prefect for travel and the quality of the bag feels so luxurious!,new favorite make bag obsessed color larger expected prefect travel quality bag feels luxurious
0,It‚Äôs a makeup bag has room for makeup nothing extraordinary!,makeup bag room makeup nothing extraordinary
1,"Bought for my daughter and daughter in law as a gift, they both loved them.",bought daughter daughter law gift loved
1,"I love this design. Fits quite a bit and is easy to get at most of your stuff when open, but still closes easily. Best make up / toiletry case I‚Äôve had in a while. Cheap too.",love design fits quite bit easy get stuff open still closes easily best make toiletry case cheap
0,Well made and an even better price!,well made even better price
1,This is a huge makeup bag! It opens the most functional way making it really easy to find your products.,huge makeup bag opens functional way making really easy find products
1,"This well-designed bag holds all of my cosmetics, brushes, toiletries.It opens flat which means I don't have to dig through it to find my items.I work as a flight attendant and keep this packed in my rollaboard.It's perfect for frequent travelers because you don't have to unpack it.Just unzip and lay flat!",well designed bag holds cosmetics brushes toiletries opens flat means dig find items work flight attendant keep packed rollaboard perfect frequent travelers unpack unzip lay flat
1,Bought this for a trip and now I use it everyday! The only thing I noticed different was the lining. It is different from the picture and it‚Äôs a little cheap feeling but for the price it is cool.The exterior is quite durable and nice looking. It is a little difficult to close but still worth it,bought trip use everyday thing noticed different lining different picture little cheap feeling price cool exterior quite durable nice looking little difficult close still worth
1,Perfect bag super specious and keep my make up organize. 10 out of 10. Love the color as well looks expensive.,perfect bag super specious keep make organize love color well looks expensive
1,Love this! It fits all my makeup brushes & my three tiered makeup compact as well! Still as lots of room & fits nicely in my carryon suitcase or backpack!,love fits makeup brushes three tiered makeup compact well still lots room fits nicely carryon suitcase backpack
1,"Order this for my college age daughter to use when traveling back and forth from school and home. Great size, nice quality and looks very sleek. Zipper works great on all bags.",order college age daughter use traveling back forth school home great size nice quality looks sleek zipper works great bags
1,Great travel bag,great travel bag
1,"Tons of room inside the bag, bought this for going out of town. I now use it daily. Love it!",tons room inside bag bought going town use daily love
1,I love this bag but the zipper is a little odd.It runs diagonally across the bag from bottom to top which makes accessibility a little awkward.I use this bag to hold my skin care items which I don't need to get into constantly.The bag feels well made and also will be easy to keep clean.,love bag zipper little odd runs diagonally across bag bottom top makes accessibility little awkward use bag hold skin care items need get constantly bag feels well made also easy keep clean
1,It‚Äôs a perfect bag for my makeup. I love the organizers inside and it makes it easy for me to find all my products.,perfect bag makeup love organizers inside makes easy find products
0,This was too large to fit in either half of my carry on suitcase (away‚Äôs carry on). Also the zipper only going from one side made it tricky to zip up if truly full without things spilling out. I returned it. It also arrived with loose threads around the zipper.,large fit either half carry suitcase away carry confusion also zipper going one side made tricky zip truly full without things spilling returned also arrived loose threads around zipper
0,This does save some space and on quick getaways I don‚Äôt need my entire bag but it‚Äôs still not small? But I do like the organization of it and the leather is a nice option,save space quick getaways need entire bag still small like organization leather nice option
1,Very good quality material! I love it,good quality material love
1,My daughter liked it better then the ones from the high-end stores.,daughter liked better ones high end stores
1,worth every penny,worth every penny
1,Like it,like
1,I take this makeup bag everywhere and it really has made traveling easier. Everything is so organized. And fits lots of products. Looks beautiful I love it.,take makeup bag everywhere really made traveling easier everything organized fits lots products looks beautiful love
1,"I love this bag.It holds its ""cube"" structure well when zipped and unfolds flat with lots of space. I love that it came with two additional cases inside.One mesh and the other solid just like the bag.Along with the additional cases this has plenty of stores pockets and zippers.",love bag holds cube structure well zipped unfolds flat lots space love came two additional cases inside one mesh solid like bag along additional cases plenty stores pockets zippers
1,I have a lot of skincare that I carry with me while I travel and when I‚Äôm at home for use and this was the perfect size for all of my stuff. Love the color and quality of the bag.,lot skincare carry travel home use perfect size stuff love color quality bag
1,"Super comoda, buen tama√±o y muy practica",super comedy mama practice
1,Me gust√≥ mucho su calidad y todo lo que le cabe! Me encant√≥ no me equivoque al comprarla.,gust much alidade lo due came enchant equivoque comprarla
0,ƒ∞ purchased 3 pcs but received only 2 instead,purchased pas received instead
1,Best Makeup Bag I've ever had. It is large and hold lots of items. I bought a second one for toiletries. Material can be wiped with a damp cloth to be cleaned.,best makeup bag ever large hold lots items bought second one toiletries material wiped damp cloth cleaned
1,Love love the bag. So roomy and can fit all my makeup with no issues,love love bag roomy fit makeup issues
0,"At first I was disappointed that the pleather this item is made of was smooth and obviously plastic, rather than textured. And then I opened it. Inside were several bits of shiny brown material that looked a lot like bug carapace pieces. One of them appeared to be an extremely tiny whole insect, with a large circular abdomen and much smaller head. I thought it was dead so I stuck it on my finger to get a closer look... and it flew/jumped away. I have NO IDEA what bug it was and am beyond upset.",first disappointed leather item made smooth obviously plastic rather textured opened inside several bits shiny brown material looked lot like bug carapace pieces one appeared extremely tiny whole insect large circular abdomen much smaller head thought dead stuck finger get closer look flew jumped away idea bug beyond upset
1,Bought this for my toiletries for travel. Fits a lot in a much smaller space. Very happy with it.,bought toiletries travel fits lot much smaller space happy
1,ideal,ideal
0,It looks cheesy!!. Not happy with product at all. I don't have time to replace it as I'm traveling in 1 day.,looks cheesy happy product time replace traveling day
0,"The zipper is only on one side, making it very inconvenient to use.",zipper one side making inconvenient use
1,"What else do you want when you get to carry majority of make up stuff hassle free in a single stylishbag!Yes - I am in love with this bag - specially the two small bags it comes along with it are super useful. They automatically add up as a compartment inside without having to carry 3 separate bags.The amount of make up stuff it can hold is amazing. This bag is perfect for carrying makeup during vacations or small trips or even from a storage perspective,This bag can fit in any corner of the wardrobe or dressing unit. The outer look is stylish and the baby pink color makes it look even more cute.I would definitely recommend this bag!",else want get carry majority make stuff hassle free single stylishbag yes love bag specially two small bags comes along super useful automatically add compartment inside without carry separate bags amount make stuff hold amazing bag perfect carrying makeup vacations small trips even storage perspective bag fit corner wardrobe dressing unit outer look stylish baby pink color makes look even cute would definitely recommend bag
1,"This 3 piece set is made from a soft leather material and mine is in a very feminine light pink. There are a variety of pockets and the additional 2 inset bags make the perfect little travel set that keeps all of your items organized in one place, with plenty of room for your makeup, jewelry and toiletries. I highly recommend this to anyone on the go, whether it's an overnighter or an extended vacay.",piece set made soft leather material mine feminine light pink variety pockets additional inset bags make perfect little travel set keeps items organized one place plenty room makeup jewelry toiletries highly recommend anyone go whether overnight extended away
1,"Love the material, so easy to clean. Is worth the money now I have all my make in just one place. I can take it everywhere with me and is always ready to go.Love the compartments for diferentes productos .",love material easy clean worth money make one place take everywhere always ready go love compartments differences products
1,Es muy amplio y elegante,es ample elegant
1,"This bag is strong and holds a lot.I just use it to keep my shots in it in fridge, as it keeps cool and doesn‚Äôt allow light in.",bag strong holds lot use keep shots fridge keeps cool allow light
1,Bag is laid out well for use when opening. Easy to open and close. Well made and nice color.,bag laid well use opening easy open close well made nice color
0,"I‚Äôve accumulated a lot of makeup over the years, and use this makeup bag as a ‚Äúshop by stash‚Äù bag to rotate through my makeup collection. This makeup bag holds quite a bit and is easy to clean. Love the red color, the handle, and all the compartments. My only qualm is that the middle small compartment isn‚Äôt flush with the bottom of the bag. Sometimes, products slide from one side to the other, and I‚Äôll find products underneath the middle zippered compartment. Nonetheless, it‚Äôs a great bag! Would recommend, buy again, and would be a great gift!",accumulated lot makeup years use makeup bag shop stash bag rotate makeup collection makeup bag holds quite bit easy clean love red color handle compartments qualm middle small compartment flush bottom bag sometimes products slide one side find products underneath middle zippered compartment nonetheless great bag would recommend buy would great gift
1,Perfect bag to hold all my makeup.. easy to clean,perfect bag hold makeup easy clean
1,"So happy I bought this makeup bag to go with the Kat Myhr weekender bag I bought a few months ago!I love it and can't believe how much it holds.I bought the orange and black makeup bags and the orange color is so pretty!The unique zipper design allows for more space and fits all my makeup, brushes & small products perfectly with room to spare!The design is super cute!I brought it on a girls trip and all my friends ended up ordering it as well!Great price, great quality!I highly recommend!",happy bought makeup bag go kat weekender bag bought months ago love believe much holds bought orange black makeup bags orange color pretty unique zipper design allows space fits makeup brushes small products perfectly room spare design super cute brought girls trip friends ended ordering well great price great quality highly recommend
0,"I love the functionality, design & color, but disappointed when unpacked from the very small box & saw the handle wrinkled/folded.Attaching pics - think this could be avoided with a larger box.So sad, but had to return :(",love functionality design color disappointed unpacked small box saw handle wrinkled folded attaching pics think could avoided larger box sad return frown sad angry pouting
0,"This is a great bag for travel, holds a lot, beautiful color but arrived shipped completely flat in a plastic bag so it is so full of creases it won‚Äôt hold its shape.I‚Äôve used a hairdryer on it and filled with clothing to try and get the creases out and the proper shape of the bag back but no luck which is a shame as otherwise this would have received 5 stars as it should have been shipped in a box with tissue packing inside the bag!",great bag travel holds lot beautiful color arrived shipped completely flat plastic bag full creases hold shape used hairdryer filled clothing try get creases proper shape bag back luck shame otherwise would received stars shipped box tissue packing inside bag
1,I bought this to replace a makeup bag I‚Äôve had for years.This holds more products and opens up so you can easily find what you need.Very happy with this makeup bag.,bought replace makeup bag years holds products opens easily find need happy makeup bag
0,"Good quality, pretty color. Was given as a gift and they really liked it",good quality pretty color given gift really liked
1,"I love the all the space you get, the different pockets and how easy it is to organize my makeup. Highly recommend",love space get different pockets easy organize makeup highly recommend
1,"I wasn‚Äôt totally sure about this bag at fast, especially since it was super stiff. It has become easier to open and shut but has held its shape after several months of daily use. It has the most amazing pockets and stuff usually stays in really well. You can fit SO much in here!! I love it!!",totally sure bag fast especially since super stiff become easier open shut held shape several months daily use amazing pockets stuff usually stays really well fit much love
0,It‚Äôs nice and roomy. Delivery was fast too. Fits the devices I needed to store in it. It comes folded so there is a hard crease in the fabric. But that doesn‚Äôt bother me so much. I store my electrodes tens machine in it. I just needed a convenient bag to store it in.,nice roomy delivery fast fits devices needed store comes folded hard crease fabric bother much store electrodes tens machine needed convenient bag store
1,This little makeup bag hold way more than you expect it to!,little makeup bag hold way expect
1,Gift for my daughter. She loves it!,gift daughter loves
1,This cosmetic/makeup bag is exactly what I was looking for. The quality seems to be top notch and the use of space with compartments is great specifically for makeup. The value is awesome too!,cosmetic makeup bag exactly looking quality seems top notch use space compartments great specifically makeup value awesome
1,I wasn‚Äôt sure what to expect for quality and size. It far surpassed my expectations! It holds all the things and more. I bought it to replace a too small makeup bag and to take it on vacation with me. It did its job and I would buy it again.,sure expect quality size far surpassed expectations holds things bought replace small makeup bag take vacation job would buy
1,"My sister loves it, she already have it packed for vacation.",sister loves already packed vacation
0,I love the color and its a good size but not big enough for what i needed,love color good size big enough needed
1,"Not sure where I saw this bag, but I decided to give it a try.I travel a lot and needed a travel case for my makeup.I love that this case fits all my make up, and a few other things when I travel. Simple modern design and has lots of little storage pockets to keep your items nice and neat while traveling.Highly recommend.",sure saw bag decided give try travel lot needed travel case makeup love case fits make things travel simple modern design lots little storage pockets keep items nice neat traveling highly recommend
1,"Very roomy,enough space for personal items and makeup for several days.",roomy enough space personal items makeup several days
1,This really is the perfect bag for not only makeup but skin care products. It‚Äôs such great quality and has so many compartments. It‚Äôs even better than the pictures trust me! I got one for both my daughters and ended up getting one for myself too.,really perfect bag makeup skin care products great quality many compartments even better pictures trust got one daughters ended getting one
0,The quality of the bag is good but it was not a large bag. Keeping but disappointed.,quality bag good large bag keeping disappointed
1,"i don‚Äôt even know where to start. First of all, just look at the sleek amazing aesthetic of this bag. Not only does it look amazing but the use I get out of this bag is unreal. I‚Äôve already bought multiple. One for my skin care, One of my makeup, and one for my vitamins / medicines I bring on my travels. It‚Äôs so good even my boyfriend uses the black one LOL! Great gift as well, I got one for my moms birthday as well and she loves. You really can‚Äôt go wrong with this multipurpose bag! If you don‚Äôt own it‚Ä¶you should",even know start first look sleek amazing aesthetic bag look amazing use get bag unreal already bought multiple one skin care one makeup one vitamins medicines bring travels good even boyfriend uses black one lot great gift well got one moms birthday well loves really go wrong multipurpose bag
1,Fits perfectly in my bag.I will be using this bag for my personal toiletries.,fits perfectly bag using bag personal toiletries
0,This make up bag looks elegant and better/higher quality than many other in same price range. Ivory color is beautiful and looks chic.,make bag looks elegant better higher quality many price range ivory color beautiful looks chic
1,"I was in the market for the perfect sized travel makeup bag and this has exceeded my expectations. I can fit everything I need and it‚Äôs so convenient! I‚Äôve thrown this in my gym bag for everything I need and it‚Äôs small enough where it fits in any bag but big enough to hold all my essentials. This is a great, affordable gift for any of your friends as well. Also, it‚Äôs so cute and I‚Äôve received multiple compliments from people asking where it‚Äôs from. Buy this bag!!!!",market perfect sized travel makeup bag exceeded expectations fit everything need convenient thrown gym bag everything need small enough fits bag big enough hold essentials great affordable gift friends well also cute received multiple compliments people asking buy bag
1,"I recently ordered this for an upcoming trip and was shocked by how much space was available. I was able to pack the majority of my skin care and dental products. The unique shape and design of the bag is maximized to hold the most about of space possible. Additionally, when I unzip the bag, I‚Äôm able to see all my products without digging around for them, like I have previously in other toiletry bag designs. Cannot recommend enough!",recently ordered upcoming trip shocked much space available able pack majority skin care dental products unique shape design bag maximized hold space possible additionally unzip bag able see products without digging around like previously toiletry bag designs recommend enough
1,Exactly what I was expecting. I like how it opens and you can see everything inside instead of digging around like a typical makeup bag.,exactly expecting like opens see everything inside instead digging around like typical makeup bag
1,Good purchase,good purchase
1,MET ALL EXPECTATIONS.,met tongue sticking cheeky playful blowing raspberryectations
0,"The material is okay, the bag itself is of a nice size and okay quality (not expecting much, it's amazon) but they ship it out FLAT. It arrived in a sealed plastic bag that was tightly wrapped around it, folded like in the first picture. Would be a non issue except you can see how the crease affects the bag. Price wise is okay, but I found a slightly cheaper version almost $8 less with a very similar design on Amazon as well. And guess what, it doesn't arrive flat! The other bag had stuffing to keep the bag shape, without compromising its structural integrity. So save your money and go find the other options here that won't squish your bag. Returning this item",material okay bag nice size okay quality expecting much amazonconfusion ship flat arrived sealed plastic bag tightly wrapped around folded like first picture would non issue except see crease affects bag price wise okay found slightly cheaper version almost less similar design amazon well guess arrive flat bag stuffing keep bag shape without compromising structural integrity save money go find options squish bag returning item
1,Lots of room for all items with dividers and pockets.,lots room items dividers pockets
1,Love the way that it unzips and sits on the counter so you can see all of your products!It is great fabric...easy to clean and is holding up great!I have the matching weekender bag and I love the set!!I feel very put together!I love it so much I bought a bunch for gifts!!,love way unzips sits counter see products great fabric easy clean holding great matching weekender bag love set feel put together love much bought bunch gifts
1,"Recently used this for a week trip to Mexico and it was beyond perfect for the occasion. Held all the necessities and then some with room to spare! Look wise it is so chic and has a nice space saving zipper design with plenty of pocket space. So so happy, would love to buy more for family and friends :))",recently used week trip mexico beyond perfect occasion held necessities room spare look wise chic nice space saving zipper design plenty pocket space happy would love buy family friends happy face smileyconfusion
1,"I got this for my skincare items because I can never find a bag thats roomy enough for all my items. This bag is perfect size, not too big but the way it is built it has so much room. It is affordable, cute and durable.",got skincare items never find bag roomy enough items bag perfect size big way built much room affordable cute durable
1,"I bought this for a trip I took recently, and the best travel purchase I‚Äôve ever made. Not only does it open up and lay flat, but it keeps everything separate. I‚Äôm going back and buying another one for my skin care products.",bought trip took recently best travel purchase ever made open lay flat keeps everything separate going back buying another one skin care products
1,This is well- made and opens nicely to access your items.Pretty too! Would highly recommend.,well made opens nicely access items pretty would highly recommend
1,This bag is perfect for travel because it can fit all of my makeup while still being compact. I love that I can use the side pockets and middle to organize smaller items. It also looks great in my house because it‚Äôs so cute!,bag perfect travel fit makeup still compact love use side pockets middle organize smaller items also looks great house cute
1,"I love this makeup bag! It opens up nice and wide so I can easily see all of my many makeup items! No digging around. Great quality, just like all of the other travel items I‚Äôve bought from Kat Myhr!",love makeup bag opens nice wide easily see many makeup items digging around great quality like travel items bought kat
1,"It matches the travel bag perfectly and has plenty of room to accommodate my travel items! Quality is same as travel bag which is luxurious! Sturdyand strong construction.. Liked it so much, I bought both colors!",matches travel bag perfectly plenty room accommodate travel items quality travel bag luxurious sturdyand strong construction liked much bought colors
1,Wow! Absolutely perfect for my trip to Cabo. Both the makeup bag & travel bag are must haves. The quality is incredible and the color is a beautiful cr√®me . I recommend this company 100%!,wow absolutely perfect trip cabo makeup bag travel bag must haves quality incredible color beautiful recommend company
1,So excited about this! I will be using this for travels but also going to use it in my diaper bag! It holds everything and keeps everything so organized!,excited using travels also going use diaper bag holds everything keeps everything organized
1,"I can fit so much in this bag! I love the shape as well, very easy to pack",fit much bag love shape well easy pack
1,This bag is such great quality. It fits sooooo much!! This is a great dupe for all the other brand name products on the market. I highly recommend!,bag great quality fits voodoo much great dupe brand name products market highly recommend
1,"What a perfect travel bag for all of my makeup and skincare products ! It‚Äôs made really well too, so happy with this purchase .",perfect travel bag makeup skincare products made really well happy purchase
0,"Not what I was expecting or what it looks like in the pictures. The makeup bag is big but unfortunately if it is full, it does not fold over or zip up together, so you are pretty limited with what you can put in this bag. Would recommend getting something else if you are looking for a larger carrier for hair products and makeup",expecting looks like pictures makeup bag big unfortunately full fold zip together pretty limited put bag would recommend getting something else looking larger carrier hair products makeup
0,When you unzip bag it opens ‚Äúfully‚Äù so I thought I‚Äôd be able to use both pockets but when you go to zip up full bag whatever is in pocket on the left ‚Äúfalls‚Äù into pocket on the right. I was disappointed in this.,unzip bag opens fully thought would able use pockets go zip full bag whatever pocket left falls pocket right disappointed
1,My friend loved it,friend loved
0,Finely made but too small.,finely made small
0,Too small,small
0,I returned this item. I don‚Äôt recommend. It is a weird plastic material and feels cheaply made.,returned item recommend weird plastic material feels cheaply made
0,"Love using this bag for makeup stuff! It‚Äôs small in size, but because of the shape, it can hold lots of small items. Apart from using as a makeup bag, I can definitely see it being used for carrying chargers or small electronics, breastfeeding pump accessories, or even stationary equipment. Highly recommended product and I love using it daily. Would have given a 5, but the zipper is *sometimes* a pain to close, but the advantages of the bag make up for it.",love using bag makeup stuff small size shape hold lots small items apart using makeup bag definitely see used carrying chargers small electronics breastfeeding pump accessories even stationary equipment highly recommended product love using daily would given zipper sometimes pain close advantages bag make
0,"I use this bag to hold my makeup brush collection, which has recently outgrown my brush roll. The quality is decent, but somewhat underwhelming for the price. The color of the zipper is more yellow-gold than I would have liked (which honestly makes it look a bit tacky) and takes some work to open and close. I would have liked if the zipper was higher-quality.The organization is okay enough with the different pockets, but the zippered pocket is not fixed at the bottom - there's a gap that my brushes can get under, which sucks because I was hoping to use that as a divider to keep my face brushes and eye brushes separated.The size is nice - big enough to hold my large collection of brushes, but not as bulky as my makeup bags or the bag I was previously using to hold brushes. It even fits my hard case of blending sponges! I love how this bag opens out flat - very handy for digging one-handed through my brushes, no more worrying about keeping the bag upright so brushes don't roll all over the place.There is a deep crease in the product due to it being packaged folded down SUPER flat, but I'm hoping that it will come out with time and use.",use bag hold makeup brush collection recently outgrown brush roll quality decent somewhat underwhelming price color zipper yellow gold would liked honestly makes look bit tackyconfusion takes work open close would liked zipper higher quality organization okay enough different pockets zippered pocket fixed bottom gap brushes get sucks hoping use divider keep face brushes eye brushes separated size nice big enough hold large collection brushes bulky makeup bags bag previously using hold brushes even fits hard case blending sponges love bag opens flat handy digging one handed brushes worrying keeping bag upright brushes roll place deep crease product due packaged folded super flat hoping come time use
0,"This bag comes folded flat, but it‚Äôll be loaded with products so I know it‚Äôll get its shape. I love the gold accents and the quality overall feels very nice. The gold makes it feel more expensive. The bag will be easy to clean if something ever spills on the i side or outside, the interior is like a waterproof material and outside is faux leather.The biggest surprise was that the front panel is textured, personally I didn‚Äôt love that, I wish it was all smooth leather like the rest of the bag.Trying to capture it in my last picture.This is my second bag in this style, and honestly it‚Äôs a game changer. It‚Äôs so nice being able to see more items when the bag is fully open vs other makeup bags where you have to rifle around more to find smaller items. It‚Äôs also nice to have a zipper portion inside to store delicate/valuable/smaller items for quick access.Overall I am very happy with this, but I‚Äôm taking away one star for texture.",bag comes folded flat loaded products know get shape love gold accents quality overall feels nice gold makes feel expensive bag easy clean something ever spills side outside interior like waterproof material outside faux leather biggest surprise front panel textured personally love wish smooth leather like rest bag trying capture last picture second bag style honestly game changer nice able see items bag fully open vs makeup bags rifle around find smaller items also nice zipper portion inside store delicate valuable smaller items quick access overall happy taking away one star texture
0,"I was in the market for a new makeup bag. I needed something big enough to fit all of my stuff, and this fit the bill. The bag is significant but not overly big. I like how it opens so I can easily see my stuff and don‚Äôt have to dig through to find what I want. The material seems nice enough. It has a very aesthetic look, easy to clean, and the handle is a nice touch. I do notice that on my bag, the zipper on this sometimes gets stuck.",market new makeup bag needed something big enough fit stuff fit bill bag significant overly big like opens easily see stuff dig find want material seems nice enough aesthetic look easy clean handle nice touch notice bag zipper sometimes gets stuck
0,"This is a bit like the Tardis - much bigger on the inside. However, I like my bottles to stand up when traveling and they do not have the ability to in this case. I can fit all my make up, travel bottles and medication in this without a problem and it doesn‚Äôt take up as much room as my other travel toiletry bags. The material has an odd feel to it but I think it helps with cleaning it.",bit like cards much bigger inside however like bottles stand traveling ability case fit make travel bottles medication without problem take much room travel toiletry bags material odd feel think helps cleaning
0,"Hello everyone,This travel makeup bag definitely surprised me with qualities I‚Äôm sure others would also appreciate. The color scheme is elegant, the faux smooth leather on top with contrasting texture on the bottom makes it look high end, well made, It‚Äôs waterproof, has a handle and most importantly although not big, you can fit quite a lot in it. I used it during a recent trip and was able to fit all the makeup, skin care and even hair ties I needed. While closed, it seems small, but once opened, it expands, has convenient ‚Äúwall pockets‚Äù, two big compartments and a middle zipper. All my products were visible which facilitated me getting ready everydaysince I didn‚Äôt have to look through tons of products. My rating reflects the fact that it gets stained very easily and now post travel, I can‚Äôt remove the stains both in and out which makes it look worn and dirty.Thank you!",hello everyone travel makeup bag definitely surprised qualities sure others would also appreciate color scheme elegant faux smooth leather top contrasting texture bottom makes look high end well made waterproof handle importantly although big fit quite lot used recent trip able fit makeup skin care even hair ties needed closed seems small opened expands convenient wall pockets two big compartments middle zipper products visible facilitated getting ready everydaysince look tons products rating reflects fact gets stained easily post travel remove stains makes look worn dirty thank
1,"so i like to do my nails in front of the tv at night so i can hang out with my bf and i wanted a case i can carry everything in instead of making multiple trips back and forth bringing everything out to the living room, i was worried this would be too small to fit everything but it actually fit so much that i‚Äôm using it to store all my lash extension supplies too!! the divider in the middle makes it so convenient to divide between the two. i‚Äôm amazed this not only carries my nail polish and tools but even my nail polish remover bottle!! the way it folds up however keeps it from getting too bulky it is so so clever. it opens up to fold flat and give you so much space but then when zipped shut it‚Äôs somehow half the size. it fits perfectly under my vanity shelf so i can quickly grab everything i need. plus the design is so so cute and i love the gold hardware!!! so minimal but classy and feminine. unbeatable and it feels durable and tough. buy it now!!!! great for travel also!",like nails front night hang wanted case carry everything instead making multiple trips back forth bringing everything living room worried would small fit everything actually fit much using store lash extension supplies divider middle makes convenient divide two amazed carries nail polish tools even nail polish remover bottle way folds however keeps getting bulky clever opens fold flat give much space zipped shut somehow half size fits perfectly vanity shelf quickly grab everything need plus design cute love gold hardware minimal classy feminine unbeatable feels durable tough buy great travel also
0,BOTTOM LINE:1. I recommend this KAT MYHR travel bag.2. The current price of $20 is reasonable.3. I don't have makeup. I'm using it for toiletries. Working well.LIKES:- Lots of places to hold my supplies without falling all over the place.- Opens up to easily access everything. Better than my old typical bag.DISLIKES:- Can't open is slightly to grab something. Have to open it all the way to access stuff.,bottom line recommend kat travel bag current price reasonable makeup using toiletries working well likes lots places hold supplies without falling place opens easily access everything better old typical bag dislikes open slightly grab something open way access stuff
1,"It seems that popularity across multiple age groups of our youth is being guided by the suggestions of infamous YouTubers and Tik Tokers that carry with them the multitudes of our listening youth.Well as for me, I am not subscribed to this social media venues, however my kids, or should I say young adults are. With that stated, when I found this Large Capacity Traveling Cosmetic Bag, I was educated on what people are gravitating to, through my daughters eek's and screams of joy when I gave her this case.She said that she had just recently seen one of these on one her social media educational videos that was discussing how to travel efficiently. She grabbed it, and immediately ran to her room to try to put her travel necessities together in it, in preparation for a weekender excursion with a group of her friends.She seemed to easily pack in all of the items she would need for her trip rather quickly, and came back out to the living room to display her efficiently packed essentials. With great amazement, I looked on as she told me just how the bag was supposed to be used to separate her bath and beauty itemsin a neat foldout containment bag.Well she went on her trip, and returned to boast of how her friends were so amazed to see and appreciate all of the hoopla surrounding these nifty personal hygiene foldout sacks, that hold every essential item you'll need for that well deserved get away.She said as I had already known, that these bags are well worth every penny spent on them, simply for the consolidated convenience of having everything you'll need neatly tucked in place in a singular awesomely crafted beauty bag.",seems popularity across multiple age groups youth guided suggestions infamous youtubers tie towers carry multitudes listening youth well subscribed social media venues however kids say young adults stated found large capacity traveling cosmetic bag educated people gravitating daughters eek screams joy gave case said recently seen one one social media educational videos discussing travel efficiently grabbed immediately ran room try put travel necessities together preparation weekender excursion group friends seemed easily pack items would need trip rather quickly came back living room display efficiently packed essentials great amazement looked told bag supposed used separate bath beauty items neat foldout containment bag well went trip returned boast friends amazed see appreciate hoopla surrounding nifty personal hygiene foldout sacks hold every essential item need well deserved get away said already known bags well worth every penny spent simply consolidated convenience everything need neatly tucked place singular awesomely crafted beauty bag
1,Bought this for my niece as she loved it. Arrived quickly and at a good price. Highly recommend,bought niece loved arrived quickly good price highly recommend
1,This is a very nice looking makeup bag. I love the color and the mixed materials it is made of. Part of it feels like canvas and the other part the PU leather. The zipper works great and does not catch. The inside liner is very nice as well. The flaps on the end are long enough to keep your makeup from falling out. There is a zipper pouch in the middle that can separate the bag as well as hold other products.,nice looking makeup bag love color mixed materials made part feels like canvas part leather zipper works great catch inside liner nice well flaps end long enough keep makeup falling zipper pouch middle separate bag well hold products
1,The design of this bag was so well done. I love that this bag makes it easy to separate me and my husband's basic toiletries. I like that since the zipper is on the corner the bag lays in a way that easily displays the inside of the bag. I also like that it has side pockets to further organize each side. I like that it's still small and won't take up massive space in our luggage. One thing I did think was funny is that one side of the bag doesn't match the material on the rest of the bag. Now that I see this it does show in the preview pictures for the product. This doesn't matter to me but it might to some.,design bag well done love bag makes easy separate husband basic toiletries like since zipper corner bag lays way easily displays inside bag also like side pockets organize side like still small take massive space luggage one thing think funny one side bag match material rest bag see show preview pictures product matter might
1,"This bag extends and creates a lot of room to store whatever you need. It also has side pockets along both sides to store more products. The material is good and sturdy, it will last you a long time. It is light weight and easy to carry everywhere you go.",bag extends creates lot room store whatever need also side pockets along sides store products material good sturdy last long time light weight easy carry everywhere go
1,"The size is perfect for all her makeup. She absolutely loves the color. The quality is good, and the zipper is easy to use. Also very easy to clean.",size perfect makeup absolutely loves color quality good zipper easy use also easy clean
1,This is a nice large makeup/travel bag. It fits so much inside. Nice looking and made of good material. Has extra pockets inside to separate utensils and other stuff from the makeup itself. It has enough room in it to put other toiletries in it. I would have liked the material to be soft but that doesn‚Äôt take away any stars.,nice large makeup travel bag fits much inside nice looking made good material extra pockets inside separate utensils stuff makeup enough room put toiletries would liked material soft take away stars
1,"She loves that it opens wide and flattens, holds everything she needs separatelyand easy to carry.",loves opens wide flattens holds everything needs separatelyand easy carry
1,"Very nice outside waterproof texture to this cosmetic bag. Perfect size! Has one large elastic compartment on one side, one zippered compartment in the middle. Also two elastic compartments on the opposite side. Bag is waterproof and the zipper is well-made. The zipper is a beautiful, soft gold color amd the handle is very well-made also. Nice size to keep cosmetics and brushes in. Very nice gift and excellent price for the quality.",nice outside waterproof texture cosmetic bag perfect size one large elastic compartment one side one zippered compartment middle also two elastic compartments opposite side bag waterproof zipper well made zipper beautiful soft gold color handle well made also nice size keep cosmetics brushes nice gift excellent price quality
1,"If you travel a lot, you likely can make use of a good quality travel bag.Look no further.This is a good cosmetic bag. Looks good on the outside and the inside.It's intended for women's use and would make a fine gift. It can also be used for other purposes in travel.Highly recommended!",travel lot likely make use good quality travel bag look good cosmetic bag looks good outside inside intended women use would make fine gift also used purposes travel highly recommended
1,"Contrasting color zipper adds to nice appearance yet is easy/normal to use. When it opens bag sits flat so you can get anything in and out easily. Center divider is actually a zipper pocket, which is nice for extra things especially small things. Nice internal side pockets with elastic to get into the sides easier, I like this feature. Strong outer material, very well made, strong stitching to hold up for a long time. Really like this because other make-up bags are a little smaller and my long make-up sticks never fit. This one is great!",contrasting color zipper adds nice appearance yet easy normal use opens bag sits flat get anything easily center divider actually zipper pocket nice extra things especially small things nice internal side pockets elastic get sides easier like feature strong outer material well made strong stitching hold long time really like make bags little smaller long make sticks never fit one great
